sub_district,count,avg_price,median_price,avg_ppm2,avg_gross_m2,avg_net_m2
Kazlıçeşme,14,31597857.14285714,37250000,202751.27809550567,153.92857142857142,105.92857142857143
Balmumcu,3,31666666.666666668,37000000,191666.66666666666,166.66666666666666,143.33333333333334
Muhsine Hatun,1,34500000,34500000,627272.7272727273,55,48
Etiler,68,29150632.352941178,30500000,248930.8786667785,125.76470588235294,103.23529411764706
Uskumruköy,7,30321428.57142857,30250000,145785.00252038482,212.85714285714286,176.42857142857142
Kireçburnu,2,29750000,29750000,226754.3859649123,140,122.5
Fenerbahçe,51,29733294.11764706,29000000,228812.65930464165,132.23529411764707,104.49019607843137
Demirciköy,2,28750000,28750000,141981.7073170732,202.5,175
Beylerbeyi,8,26643750,28200000,218642.89152737428,124.375,111
Caddebostan,94,26215425.531914894,26750000,211220.38051669288,124.48936170212765,97.79787234042553
Küçük Çamlıca,13,22253615.384615384,25500000,139733.80664122177,155.23076923076923,126.15384615384616
Levazım,17,24595588.23529412,25000000,161473.1869646274,150.58823529411765,132.11764705882354
Yeşilyurt,43,25339534.88372093,25000000,187830.41727323207,144.65116279069767,125.74418604651163
Çubuklu,3,21316666.666666668,25000000,189384.48393711552,116.33333333333333,92.66666666666667
Şahkulu,1,25000000,25000000,166666.66666666666,150,120
Şenlikköy,227,25513788.546255507,25000000,122070.53553113638,217.48458149779736,194.88546255506608
Pürtelaş Hasan Efendi,8,23975000,24750000,197027.80276758393,122.25,110
Çiğdem,3,26166666.666666668,24750000,145983.9357429719,185.33333333333334,132.33333333333334
Acarlar,19,25717894.736842107,24500000,177400.92812558686,146.1578947368421,125.6842105263158
Ferahevler,17,26173529.411764707,23975000,149332.08595121512,178.76470588235293,148.76470588235293
Ulus,30,23270000,23500000,151984.03684173434,154.83333333333334,136.23333333333332
Büyük Çavuşlu,1,23000000,23000000,76666.66666666667,300,205
Başıbüyük,3,19100000,22900000,120068.62901722715,160.33333333333334,133
Bebek,15,26414666.666666668,22500000,202545.7571697981,128,109.66666666666667
Burhaniye,20,21540000,22500000,122454.20995770738,180.5,151
Harbiye,9,24166666.666666668,22500000,145101.05615217265,166.88888888888889,144.44444444444446
Güzelce,4,22875000,22250000,59985.77524893315,387.5,317.5
Yeşilköy,83,22742650.60240964,22250000,153877.62836001956,152.27710843373495,134.46987951807228
Büyükbakkalköy,1,22000000,22000000,150684.9315068493,146,140
Kaptan Paşa,5,18620000,22000000,134507.24637681158,137,130
Nisbetiye,47,23396170.21276596,22000000,173561.73938695333,146.10638297872342,124.97872340425532
Riva,3,19666666.666666668,22000000,114462.0840152755,184,152.66666666666666
Erenköy,146,23071780.82191781,21950000,173754.3633103798,136.6164383561644,106.56164383561644
Basınköy,17,24029411.76470588,21500000,131149.91715443108,191.41176470588235,171.35294117647058
Suadiye,220,22248068.181818184,21125000,183926.52874391744,122.47727272727273,95.75909090909092
Kültür,4,20875000,21000000,156269.23076923075,133.75,116.25
Zühtüpaşa,13,22534615.384615384,21000000,191150.25234706813,114.46153846153847,88.07692307692308
Akat,34,25276470.588235293,20375000,231352.94224147504,113.76470588235294,95.79411764705883
Teşvikiye,100,20754790,20250000,155618.88729756,140.18,121.39
Göztepe,129,19797984.49612403,19650000,146569.18271951156,137.86821705426357,107.85271317829458
Altunizade,12,21237500,19500000,147861.1390208411,148.66666666666666,117.58333333333333
Arnavutköy,18,19391666.666666668,19375000,179039.64501644802,108.22222222222223,94.88888888888889
Zekeriyaköy,29,20335344.827586208,19000000,116017.82727814517,186.24137931034483,159.72413793103448
Göktürk Merkez,94,20070212.75531915,18975000,139149.9212332059,148.13829787234042,116.85106382978724
Maslak,148,19259594.594594594,18842500,132380.05237424767,147.0472972972973,112.79729729729729
Konaklar,5,19090000,18750000,117406.53280542986,177,123
Bereketzade,1,18500000,18500000,132142.85714285713,140,100
Kandilli,3,23333333.333333332,18500000,172267.2977236872,135,111.66666666666667
Emirgan,17,20861764.70588235,18250000,175064.8459421279,117.3529411764706,101.82352941176471
Çayırbaşı,1,18200000,18200000,140000,130,126
Feneryolu,33,18199242.424242426,18000000,155924.64648242632,119.42424242424242,92.21212121212122
Barbaros,72,19120833.333333332,17950000,132924.95690557448,142.34722222222223,111.47222222222223
Ataköy 3-4-11. Kısım,2,17925000,17925000,140916.6666666667,125,99.5
Müeyyetzade,1,17800000,17800000,148333.33333333334,120,100
Hacımimi,4,17375000,17625000,208217.8070748251,85.5,67.25
Kuruçeşme,5,21460000,17500000,218513.4865134865,100,86.8
Çengelköy,56,18349107.14285714,17500000,134033.63120138177,142.94642857142858,120.14285714285714
5. Levent,13,19145000,16500000,121881.16413055778,151.46153846153845,115.6923076923077
Halaskargazi,19,17360526.315789472,16500000,121419.04096864819,147.78947368421052,131.42105263157896
Halil Rıfat Paşa,10,15100000,16350000,99675.16724086933,147.3,119.5
Küçüksu,28,19203571.42857143,16250000,121024.8139824299,166.60714285714286,138.14285714285714
Ataköy 1. Kısım,1,16000000,16000000,72727.27272727272,220,200
Ataköy 2-5-6. Kısım,11,16818181.818181816,16000000,122760.08839645203,132.27272727272728,117.27272727272727
Tarabya,27,18327777.777777776,16000000,100421.18094419746,183.2962962962963,146
Kuloğlu,2,15750000,15750000,129821.42857142857,135,122.5
Acıbadem,70,17448142.85714286,15500000,130214.4186685947,140.97142857142856,114.35714285714286
Soğuksu,19,16833947.36842105,15500000,101286.49153410089,171.42105263157896,148.3684210526316
Bahçelievler,334,16565455.089820359,15200000,105634.55250010906,158.97005988023952,136.32934131736528
Merkezefendi,16,14224875,15200000,107446.52870549298,130.25,102.75
Sahrayı Cedit,21,14552380.952380951,15000000,126589.16271180612,115.61904761904762,90.85714285714286
Bostancı,109,17603440.366972476,14950000,140331.95352226892,124.71559633027523,99.75229357798165
Koşuyolu,3,16050000,14950000,123866.2429796039,128,113
Sakızağacı,14,14557142.857142856,14850000,113702.30612089598,121.85714285714286,94.5
Huzur,67,18880373.134328358,14800000,157819.45411229637,117.65671641791045,84.34328358208955
Poligon,6,16120833.333333334,14575000,97012.50094632448,150.5,137.5
Çamlıtepe,2,14450000,14450000,140090.4392764858,133,100
Darüşşafaka,12,15035416.666666666,14225000,102602.77135061618,148.66666666666666,130
Dikilitaş,123,15093089.43089431,14000000,148689.23228959934,103.99186991869918,87.44715447154472
Kılıçali Paşa,9,15250000,14000000,144228.8140327356,107,98.22222222222223
Nizam,87,15521034.48275862,14000000,113675.2211150277,140.20689655172413,116.02298850574712
İcadiye,28,13978535.714285715,14000000,98375.07295630882,137.25,116.75
Yeniköy,11,16363636.363636363,13950000,130248.44852616143,133.45454545454547,117
Kozyatağı,84,15223750,13900000,143060.4954416227,107.42857142857143,84.88095238095238
Kınalıada,12,13854166.666666666,13875000,91138.85276905773,166.33333333333334,129.25
Ayazağa,44,16905113.636363637,13800000,130012.60764736557,127.36363636363636,97.5
Maden,145,16126896.544827586,13750000,116359.57456435381,138.48275862068965,118.46206896551725
Rumeli Hisarı,8,16037500,13700000,138495.08804730844,116.875,96.875
Zuhuratbaba,54,14044444.444444444,13625000,106872.37910418968,138.2962962962963,111.88888888888889
Gayrettepe,31,15770967.741935484,13600000,130120.87217210357,129.38709677419354,110.51612903225806
Sultantepe,25,19382000,13500000,157709.21156817742,116.08,100.64
Kirazlıtepe,14,14774928.57142857,13450000,124446.42915623203,121.64285714285714,99
Burgazada,25,13297960,13000000,118978.60652637124,116.4,100
Şamlar,3,15150000,13000000,83397.05882352941,180,133.33333333333334
Tantavi,13,14015384.615384616,12950000,100560.05069084962,137.92307692307693,119.23076923076923
Ortaköy,30,16843300,12825000,137206.9587485767,124.13333333333334,103.6
Ataköy 7-8-9-10. Kısım,12,13737500,12750000,123044.61638125854,114.75,99.66666666666667
Caferağa,29,14734448.27586207,12750000,119450.898137971,120.48275862068965,102.24137931034483
Selami Ali,51,12047039.215686275,12750000,102260.48217824013,116.13725490196079,102.86274509803921
Kordonboyu,46,15550000,12650000,103958.54478819562,151.56521739130434,123.30434782608695
Anadolu Hisarı,2,12625000,12625000,114423.07692307692,115,97.5
Güngören,32,13725781.25,12575000,100792.53054507788,131.84375,99.6875
Kuzguncuk,10,12145000,12500000,102204.84157431088,125,107.2
Vişnezade,49,14278367.346938776,12500000,127232.28933365662,111.81632653061224,96.9795918367347
Tepeören,1,12350000,12350000,66042.7807486631,187,140
Fikirtepe,10,11850100,12275500,100829.69340851768,119.3,85.6
Yıldız,40,14666200,12275000,134376.37498690374,108.35,94.025
Merdivenköy,42,12686047.61904762,12174500,113005.56826266226,114.92857142857143,92.76190476190476
Ziya Gökalp,36,13030931.111111112,12125000,79237.0774562621,158.11111111111111,123.47222222222223
Hüseyinağa,2,11950000,11950000,81054.54545454546,145,132.5
Yalı,49,12054061.224489795,11950000,89419.38888662776,136.71428571428572,112.87755102040816
Türkali,42,13805690.476190476,11875000,125761.01785153704,108.35714285714286,92.23809523809524
Topçular,4,13112500,11850000,99866.36098505685,147.25,108.25
Kavacık,16,11868750,11375000,81310.99636570667,143.875,125.0625
Bahçeşehir 1. Kısım,83,12896566.26506024,11250000,73785.8872336785,172.20481927710844,134.50602409638554
Cami,21,12503571.42857143,11250000,90129.8522537446,137.52380952380952,115.61904761904762
Yamanevler,35,14261428.57142857,11250000,109036.25252027312,121.57142857142857,92.14285714285714
Beyazıt,1,11200000,11200000,80000,140,130
Finanskent,12,14712500,11175000,133264.94929352702,107.66666666666667,84.41666666666667
Ferah,41,10891219.512195121,11000000,87536.28782233654,129.02439024390245,108.3170731707317
Mithatpaşa,33,12083212.090909092,11000000,104836.26565489816,120.36363636363636,99.3030303030303
Piri Paşa,9,10173888.888888888,11000000,66777.35937445344,151.55555555555554,137.44444444444446
Seyitnizam,21,13735714.285714285,11000000,83969.4969440742,158.33333333333334,135.1904761904762
İstinye,7,14585714.285714285,11000000,136585.9863719499,105,81.42857142857143
Doğu,47,11575617.021276595,10940000,83328.63035921211,136.80851063829786,110.97872340425532
Kanlıca,6,16925000,10925000,113498.644915979,143.33333333333334,124.16666666666667
Batı,45,13671111.111111112,10900000,99026.75016855847,135.55555555555554,113.6
Nişantepe,22,12145454.545454545,10850000,93949.54330214148,124.0909090909091,92.63636363636364
Başakşehir,66,11869378.787878787,10750000,76565.94995111071,155.57575757575756,127.5909090909091
Tomtom,1,10750000,10750000,143333.33333333334,75,65
Levent,2,10700000,10700000,125606.06060606061,87.5,80
Petroliş,40,10836850,10650000,79295.87534021553,143.45,119.425
Tokatköy,3,14050000,10650000,71856.06060606061,243.33333333333334,208.33333333333334
Atalar,53,11345283.018867925,10500000,92367.48525033343,120.24528301886792,97.94339622641509
Aziz Mahmut Hüdayi,29,12158448.27586207,10500000,104595.27718825387,115.58620689655173,98.20689655172414
Osmaniye,19,11673684.210526315,10500000,86042.64617670624,135.42105263157896,106.26315789473684
Postane,50,11896100,10500000,82754.40584072287,152.58,124.54
Salacak,30,13550833.333333334,10500000,116381.80588943027,109,94.16666666666667
Küplüce,7,10178571.42857143,10400000,105404.02806666291,99.42857142857143,85.28571428571429
Mehmet Nesih Özmen,10,10610000,10375000,80361.5035089173,133.7,115.3
Gülsuyu,3,9283350,10000050,68588.29573934837,133.33333333333334,113.33333333333333
Düğmeciler,11,11621363.636363637,10000000,83022.55073155965,134.54545454545453,107.72727272727273
Ömer Avni,9,16000000,10000000,124262.3234961965,133.33333333333334,122.55555555555556
Heybeliada,16,9815625,9900000,93453.42146740251,113.75,96.375
İsmet Paşa,6,9114166.666666666,9900000,70926.38303319497,143.83333333333334,125.33333333333333
19 Mayıs,83,10430108.43373494,9850000,91125.7264706442,117.28915662650603,99.144578313253
Murat Reis,25,9683000,9750000,104006.61032147383,100.08,89.16
İdealtepe,188,11208111.696808511,9750000,100720.49899561993,115.21808510638297,97.33510638297872
Ünalan,59,12145084.745762711,9600000,103128.38141776409,119.13559322033899,99.0677966101695
Tatlısu,36,10218722.222222222,9575000,86130.898806872,119.13888888888889,97.77777777777777
Sümer,51,11190098.039215686,9500000,89528.99666142519,122.11764705882354,100.15686274509804
Şerifali,15,10059333.333333334,9500000,87428.56049185262,122.4,99.13333333333334
Aşağı Dudullu,13,10095384.615384616,9400000,73845.75972835082,139.6153846153846,120.61538461538461
Kalenderhane,1,9400000,9400000,110588.23529411765,85,80
Tozkoparan,18,9113888.888888888,9375000,84209.2469677905,109.88888888888889,93.94444444444444
Alkent 2000,7,10992857.142857144,9350000,74103.90333770304,152.57142857142858,122.28571428571429
Küçükyalı,169,10693343.189349113,9350000,98239.95223213627,112.14792899408285,95.4319526627219
Emek,23,8881304.347826088,9250000,65499.85377250145,139.91304347826087,111.17391304347827
Küçükbakkalköy,41,10708170.731707318,9250000,97071.51677796221,109.07317073170732,89.34146341463415
Zeytinlik,8,11978750,9190000,72072.65436769114,159.75,140.625
Cihannüma,20,10645000,9125000,93135.58207303699,115.05,94.65
Kemal Paşa,1,9100000,9100000,91000,100,89
Meşrutiyet,49,10589795.918367347,9000000,85153.68986181072,123.20408163265306,103.89795918367346
Altayçeşme,53,9258207.547169812,8950000,78878.44791015229,126.84905660377359,109.05660377358491
Altıntepe,259,9572293.436293436,8950000,94292.69416842678,103.68725868725869,87.47876447876448
Feyzullah,49,10275489.795918368,8950000,96395.81850455618,110.28571428571429,93.12244897959184
Harmandere,16,9858312.5,8871500,78526.86428727805,135.0625,109.6875
Fetih,17,10257882.352941176,8850000,74073.55343222665,142.47058823529412,122.47058823529412
Girne,22,8797227.272727273,8845000,71210.74745596199,131.4090909090909,104.81818181818181
Firuzağa,11,8609090.909090908,8800000,104855.13954413476,91.0909090909091,78.18181818181819
Osmanağa,13,11288461.538461538,8800000,115080.34650521149,94.38461538461539,77.92307692307692
Fulya,70,10607142.857142856,8775000,85209.7934117661,123.02857142857142,105.11428571428571
Başak,35,12228142.82857143,8750000,81323.53931743948,142.25714285714287,116.51428571428572
Maltepe,24,12949995.833333334,8750000,115355.27820527377,108.375,74.04166666666667
Veliefendi,45,9069222.222222222,8750000,86034.45912368667,109.4888888888889,90.04444444444445
Yenibosna Merkez,45,9252399.977777777,8750000,72914.4280624626,132.53333333333333,107.73333333333333
Kayabaşı,151,10556940.397350993,8745000,79271.97066513823,130.64900662251657,102.63576158940397
Eğitim,20,9023050,8625000,87413.13370118517,108.05,87.85
Yenişehir,92,10344347.826086957,8525000,83781.76437811599,121.02173913043478,99.72826086956522
Bulgurlu,143,9406951.048951048,8500000,84415.56775483511,117.3076923076923,100.00699300699301
Dumlupınar,62,9342161.274193548,8500000,84345.01194802778,110.90322580645162,86.51612903225806
Katip Mustafa Çelebi,1,8500000,8500000,94444.44444444444,90,80
Orhantepe,44,9202727.272727273,8500000,84385.88140627644,117.45454545454545,99.63636363636364
Çamlıbahçe,1,8500000,8500000,60714.28571428572,140,120
İnkılap,12,9922916.666666666,8462500,83931.86078272396,119.33333333333333,98.16666666666667
Kocatepe,14,8721357.142857144,8450000,77756.25394934553,117,106
Molla Fenari,1,8400000,8400000,46666.666666666664,180,170
Abdurrahman Nafiz Gürman,14,9560714.285714285,8375000,75345.51365235288,129.42857142857142,112.14285714285714
Evliya Çelebi,14,8705357.142857144,8375000,71682.90902204698,139.92857142857142,115.78571428571429
Rasimpaşa,14,7653571.428571428,8325000,78126.42077012378,95.71428571428571,80.35714285714286
Abbasağa,33,14226969.696969697,8300000,155611.11448868495,89.6969696969697,75.12121212121212
Atakent,102,10300450.980392156,8250000,86565.83977880134,118.30392156862744,98.5
Duatepe,23,8156521.739130435,8200000,71044.19612009895,111.43478260869566,98.91304347826087
Taşdelen,27,8548851.851851853,8200000,71373.32262018767,119.96296296296296,100.55555555555556
Mareşal Fevzi Çakmak,2,8150000,8150000,60370.37037037037,135,125
Mimaroba,26,9778500,8050000,52604.96459642954,186.73076923076923,155.30769230769232
Yeni Sahra,3,9366666.666666666,8050000,80307.23905723906,126,109
Kısıklı,10,11365000,8000000,77320.87830213246,150.2,127.6
Muradiye,17,10270588.235294119,8000000,106761.31812657515,93.3529411764706,79.17647058823529
Çavuşoğlu,19,10070947.368421054,8000000,87554.7081528649,118.57894736842105,98.26315789473684
Çınar,124,9787258.056451613,8000000,89640.14588897489,111.78225806451613,95.41935483870968
İkitelli OSB,1,8000000,8000000,73394.49541284403,109,85
İstasyon,110,9710809.081818182,7995000,71655.49521247533,134.72727272727272,111.21818181818182
Esenevler,43,8477674.418604651,7900000,76118.29746252207,112.74418604651163,96.30232558139535
Selimiye,14,11074928.57142857,7875000,104040.62505479579,109.21428571428571,93.21428571428571
Ekşioğlu,21,7242428.476190476,7850000,58972.37173441869,123.57142857142857,105.76190476190476
Bozkurt,45,9162555.555555556,7800000,75072.81677536025,120.04444444444445,104.66666666666667
Çınardere,63,8852841.26984127,7800000,77420.88194133609,117.39682539682539,89.61904761904762
Elmalıkent,7,7578571.428571428,7700000,77489.03483413917,102.14285714285714,86.57142857142857
Seyrantepe,52,9679807.673076924,7700000,89716.86349344673,109.42307692307692,91
Tahtakale,123,8160674.756097561,7700000,58664.271892323355,140.8617886178862,109.90243902439025
Ergenekon,21,10078571.42857143,7600000,71126.99027253702,138.38095238095238,121.33333333333333
Küçük Ayasofya,1,7550000,7550000,94375,80,65
Yayla,68,8080132.352941177,7542500,65645.14287488688,126.3970588235294,106.8529411764706
15 Temmuz,106,7444398.20754717,7500000,69934.24774548308,106.33018867924528,83.79245283018868
Bahçeköy Kemer,2,7500000,7500000,53589.74358974359,140,125
Güven,18,7563888.888888889,7500000,60335.70459015898,131.27777777777777,118.16666666666667
Güzeltepe,63,11311666.666666666,7500000,80065.18649394828,138.52380952380952,114.60317460317461
Karlıktepe,43,9260697.674418604,7500000,77828.3146317542,121.02325581395348,100.44186046511628
Nuripaşa,16,8162499.9375,7500000,66746.85907742624,128.3125,105.625
Reşitpaşa,7,8278571.428571428,7500000,77319.51626804569,116.42857142857143,102.57142857142857
Sapan Bağları,13,7469230.769230769,7500000,71117.13980463981,109.23076923076923,91.6923076923077
Soğanlık Yeni,15,8811333.333333334,7500000,85837.09164261083,103.8,81.53333333333333
Yeşilbağlar,7,7492714.285714285,7500000,76544.13564404815,111,93.14285714285714
Yeşilpınar,54,7395444.444444444,7500000,58744.0328248954,131.88888888888889,112.64814814814815
Alibeyköy,25,7785600,7490000,74678.06261540938,104.6,88.96
Cevizli,92,8212271.739130435,7450000,80787.2708045847,106.46739130434783,87.26086956521739
Site,25,8802400,7450000,72374.99055323304,121.56,103.12
Gümüşsuyu,14,10250000,7400000,110350.90479613666,92.35714285714286,78.28571428571429
Güneşli,22,7793863.636363637,7345000,60069.42722911049,136.3181818181818,117.13636363636364
Demirkapı,19,7289473.684210527,7300000,55890.652812858374,133.31578947368422,112.78947368421052
Atatürk,325,9001138.455384616,7250000,66827.53537886344,138.48307692307694,116.47076923076924
Cennet,135,7781000,7250000,61017.37231308553,134.17037037037036,117.91851851851852
Karamandere,1,7250000,7250000,17427.884615384617,416,90
Kartaltepe,74,8287094.594594595,7250000,66235.641749188,126.62162162162163,111.22972972972973
Kirazlı,37,6929534.513513514,7250000,59167.47985802768,118.62162162162163,92.94594594594595
Küçük Piyale,7,7502857.142857143,7250000,65571.78887872318,117.42857142857143,107.14285714285714
Yakacık Yeni,36,9131500,7200000,79202.39662256754,113.66666666666667,90.52777777777777
Yakacık Çarşı,27,7997407.407407408,7200000,74707.9217972095,107.88888888888889,92.33333333333333
Armağanevler,69,7023115.942028985,7190000,67749.389852854,106.3768115942029,90.72463768115942
Bahçeköy Yeni,10,7520000,7175000,57560.12506012506,132,116.5
Yıldırım,42,8674857.142857144,7150000,69614.65969665593,126.19047619047619,111.38095238095238
Sinanoba,16,8436874.9375,7100000,48698.67571098198,171.5,150.75
Çatalmeşe,38,7182763.157894737,7087500,58020.93863955302,126.28947368421052,108.89473684210526
Bağlar,27,7447592.592592592,7000000,68028.87446996725,115.33333333333333,88.14814814814815
Dursunköy,5,7780000,7000000,80897.39519306159,97.2,71.6
Habibler,1,7000000,7000000,53846.153846153844,130,110
Hamidiye,121,9536909.090909092,7000000,83900.67719549648,116.6198347107438,93.52892561983471
Telsiz,25,6845600,7000000,71008.30841842372,100.88,90.8
Şirinevler,93,6780892.473118279,7000000,55483.61738859233,124.6989247311828,109.68817204301075
Fatih Sultan Mehmet,9,6707777.777777778,6950000,67846.67509122846,102.33333333333333,88.77777777777777
İçerenköy,58,7626379.310344827,6950000,70906.39418660665,109.74137931034483,92.10344827586206
Yahya Kemal,68,7216691.161764706,6927500,68603.43474043744,105.30882352941177,93.19117647058823
Aydınevler,40,7612000,6925000,81918.71242229838,98.1,84.325
Kocasinan Merkez,93,7448806.451612903,6900000,56221.77869249005,138.21505376344086,119.18279569892474
Gümüşpınar,20,7816250,6875000,70173.00743193482,112.75,94.25
Yenimahalle,28,7520714.285714285,6875000,63737.17155055637,117.21428571428571,101.03571428571429
Alemdağ,26,8225692.307692308,6857500,65875.56021732336,125.42307692307692,103.34615384615384
Terazidere,6,6835000,6855000,44267.81577593142,150.5,133.66666666666666
Kaptanpaşa,8,9142500,6845000,59998.4681372549,133.75,111.875
İstiklal,66,8343409.090909091,6825000,76618.85640422763,111.46969696969697,93.25757575757575
Bahçeköy Merkez,7,7792857.142857143,6800000,54824.19243643733,144.57142857142858,128.57142857142858
Çırçır,53,7201698.094339622,6800000,61811.98459646513,118.39622641509433,100.81132075471699
Aydıntepe,24,7882615.708333333,6765000,73234.37853766212,112.54166666666667,95.29166666666667
Gökalp,39,7644615.333333333,6750000,74113.9067243714,109.48717948717949,89.84615384615384
Ptt Evleri,2,6750000,6750000,55833.33333333333,111,102.5
Veysel Karani,33,7699787.848484849,6750000,65538.62513004737,120.3030303030303,102.03030303030303
Kurtköy,47,7517978.70212766,6700000,65059.70575540367,120.04255319148936,98.97872340425532
Bağlarbaşı,170,6903117.647058823,6675000,62051.68087295933,112.69411764705882,96.20588235294117
Yayalar,25,6620600,6675000,57003.36374690056,121.48,104.48
Madenler,32,8412562.46875,6612500,72830.2001656465,113.4375,95.0625
Feriköy,63,7599841.26984127,6600000,68750.94628801872,110.73015873015873,97.31746031746032
Esentepe,164,7975835.365853659,6570000,73555.46916543265,111.89634146341463,95.2560975609756
Sahil,16,7669687.5,6570000,47131.62036792842,160.375,136.0625
Aşıkveysel,10,7144900,6550000,63617.06935608252,117,94.6
Yukarı Dudullu,13,7526846.153846154,6550000,72501.80556042893,100.3076923076923,83.53846153846153
Örnekköy,1,6550000,6550000,54583.333333333336,120,110
Altıntepsi,34,7556617.647058823,6525000,53111.91434410312,136.3235294117647,120.3529411764706
Firuzköy,24,6840916.666666667,6525000,65865.7091972278,122.16666666666667,93.54166666666667
Merkez,562,7563131.669039146,6524500,62952.205022393064,123.41103202846975,107.2153024911032
Karayolları,36,9213055.555555556,6512500,77260.3260470192,122.05555555555556,107.30555555555556
Ahmediye,34,8630882.352941176,6500000,74294.01498755605,115.52941176470588,102.47058823529412
Cevizlik,11,9986363.636363637,6500000,84497.28363883523,114.54545454545455,103
Güllü Bağlar,17,6272941.176470588,6500000,64975.59127963931,98.41176470588235,79.17647058823529
Mavigöl,11,6322727.2727272725,6500000,46166.43175773634,138.1818181818182,116.18181818181819
Necip Fazıl,95,7541894.72631579,6500000,60722.99497093441,123.91578947368421,104.01052631578948
Semizkumlar,1,6500000,6500000,48148.148148148146,135,105
İnceğiz,1,6500000,6500000,65000,100,85
Çamlık,77,7587206.493506493,6499900,66495.20038881166,112.1038961038961,91.53246753246754
Marmara,82,9463268.158536585,6499500,55645.52919954847,162.84146341463415,138.26829268292684
Dereağzı,44,6729704.545454546,6495000,45395.03948630456,152.38636363636363,130.77272727272728
Abdurrahmangazi,122,7960344.262295082,6487500,65374.48998582911,122.67213114754098,102.60655737704919
Haznedar,24,7952083.333333333,6475000,66491.26219609851,122.70833333333333,106.625
Pazariçi,12,6004166.666666667,6475000,47519.720532100226,130.41666666666666,117.33333333333333
Hilal,1,6450000,6450000,49615.38461538462,130,120
Havaalanı,21,7700238.095238095,6400000,66302.15168298717,114.19047619047619,95.9047619047619
Meclis,27,7658296.296296297,6400000,60911.73802898534,125.96296296296296,104.51851851851852
Osmangazi,125,6281471.912,6400000,54565.855328331316,120.096,105.248
Sultançiftliği,77,6948961.025974026,6390000,57236.574330158175,122.62337662337663,106.53246753246754
Defterdar,2,6375000,6375000,53444.70727380249,130,128
Karadolap,37,6507081.081081081,6375000,58175.08543254378,118.16216216216216,101.97297297297297
Beştelsiz,24,6960416.666666667,6350000,65056.13149469202,110.91666666666667,96.91666666666667
Malkoçoğlu,5,6594000,6350000,50087.33766233766,146.2,133.2
Sarıyer Merkez,12,8545833.333333334,6325000,84034.91358178858,97.58333333333333,83
Şahintepe,5,6534000,6320000,49244.46901414514,136,118.2
Eyüp Sultan,36,7818000,6275000,63949.16993836226,124.36111111111111,102.86111111111111
Büyükdere,9,6305555.555555556,6250000,61837.26532684271,104.22222222222223,91.55555555555556
Celaliye,21,6462952.380952381,6250000,44887.6362663236,142.95238095238096,113.95238095238095
Halide Edip Adıvar,49,7857959.183673469,6250000,67387.96563850512,118.18367346938776,101.83673469387755
Ortabayır,62,6181451.612903226,6250000,67817.54167237131,97.48387096774194,85.5
Ortaçeşme,1,6250000,6250000,78125,80,70
Şeyhli,14,6260714.285714285,6250000,58185.17876608897,112.5,88.07142857142857
Sülüntepe,19,6370105.263157895,6240000,60848.307261249465,106.73684210526316,84.84210526315789
Paşabahçe,6,14039333.333333334,6225000,92788.56291108389,133.5,113.33333333333333
Yeşilova,92,6314391.304347826,6200000,52866.55816282723,123.59782608695652,110.18478260869566
Merve,21,6000947.619047619,6199000,49702.57884827414,127.33333333333333,112.95238095238095
Mecidiyeköy,122,7956352.459016394,6175000,74170.62439034443,106.04098360655738,94.61475409836065
Emniyet Evleri,23,6609565.217391305,6150000,65924.16530331699,105.08695652173913,92.17391304347827
Mehmet Akif,215,6667637.204651163,6145000,57240.61718626141,120.30697674418604,104.48837209302326
Pınartepe,44,8614772.727272727,6125000,52478.743444680484,157.47727272727272,134.0681818181818
Cevatpaşa,17,6977294.117647059,6100000,49772.295860833685,138.94117647058823,119.29411764705883
Karadeniz,56,7219196.428571428,6100000,56808.21882127545,124.41071428571429,97.92857142857143
Katip Kasım,2,6100000,6100000,57500,100,92.5
Mimar Sinan,342,7332672.505847953,6100000,62816.040782534634,116.41228070175438,100.46198830409357
Adnan Kahveci,248,7197532.145161291,6095000,44658.10089795818,159.5040322580645,137.55241935483872
Sütlüce,4,6146250,6075000,66972.91666666667,95,81.25
Yunus,10,7285000,6075000,82414.81700549962,87.7,71.9
Hasanpaşa,18,6680000,6050000,64817.17052040152,109.61111111111111,93.72222222222223
Mimar Sinan Merkez,12,6987000,6050000,45905.748813275335,147.41666666666666,124.33333333333333
Halıcıoğlu,8,6725000,6025000,55214.91014788712,120.75,103.25
Ekinoba,23,6503260.869565218,6000000,47313.81437203425,143.2608695652174,123.47826086956522
Güzelyalı,12,6167500,6000000,47163.10785601734,131.25,117.08333333333333
Molla Gürani,43,7126744.186046512,6000000,60126.796770052715,115.27906976744185,102.55813953488372
Siyavuşpaşa,230,6418886.956521739,6000000,57950.34322959146,113.16521739130435,101.14782608695653
Yarımburgaz,5,6820000,6000000,59833.80242048972,111,94.6
Yavuz Sultan Selim,13,5433461.538461538,6000000,63813.15802610711,87.53846153846153,74.6923076923077
Çeliktepe,102,6288970.588235294,6000000,63046.27602977059,102.7156862745098,87.77450980392157
Çırpıcı,31,6506451.612903226,6000000,59630.834408438706,114.64516129032258,101.12903225806451
Esatpaşa,44,7764068.181818182,5995000,69869.3582898648,112.81818181818181,95.18181818181819
Barış,84,7049738.047619048,5987000,46105.84737854924,159.25,134.27380952380952
Aydınlı,83,6280590.361445783,5975000,58353.72374467036,109.36144578313252,88.6987951807229
Gülensu,1,5950000,5950000,54090.90909090909,110,100
Kaynarca,47,6279361.70212766,5950000,54676.695660642436,119.12765957446808,98.80851063829788
Kirazlıdere,18,8879722.222222222,5950000,64714.85645238259,131.33333333333334,111.11111111111111
Örnek,49,7186122.448979592,5950000,62334.05391372581,116.89795918367346,100.38775510204081
İnönü,196,6646234.693877551,5945000,61898.084409047406,111.86224489795919,95.52551020408163
Fındıklı,44,6389204.545454546,5925000,57187.423163017935,116.9090909090909,102.04545454545455
Dudullu OSB,1,5900000,5900000,49166.666666666664,120,110
Sarıgöl,41,6233048.780487805,5900000,51071.802619379516,125.8048780487805,111
Sinanpaşa,15,7637000,5900000,85586.87782882263,85.8,74.33333333333333
Soğanlı,137,5826963.503649635,5900000,55814.61589947397,109.25547445255475,98.33576642335767
Velibaba,42,6153195.857142857,5875000,61505.8299557444,102.64285714285714,84.47619047619048
Adil,87,6398643.67816092,5850000,56968.61261417016,117.03448275862068,102
Taşoluk,45,5984622.222222222,5850000,43646.95573264676,150.62222222222223,124.28888888888889
İslambey,84,5645547.619047619,5850000,49468.17755529671,121.61904761904762,109.14285714285714
Akşemsettin,96,6270541.666666667,5837500,54494.75768151244,117.9375,101.64583333333333
Mustafa Kemal,4,5600000,5825000,58884.920634920636,96.25,83.75
Çakmak,66,6156818.166666667,5825000,58771.02578901554,108.98484848484848,94.07575757575758
Esenşehir,18,6688333.333333333,5800000,61196.603961885834,110.22222222222223,94.94444444444444
Hürriyet,269,6022211.892193308,5800000,54381.30578782978,115.17472118959108,100.52044609665427
Nurtepe,31,6338387.096774193,5800000,56443.82739369901,118.06451612903226,105.7741935483871
Zümrütevler,85,6547223.529411765,5800000,67593.66091567007,99.01176470588236,84.11764705882354
Vatan,8,5887250,5774500,46755.93218158476,127.75,115
Cumhuriyet,559,6456873.878354204,5750000,54811.60759841156,121.76565295169947,105.78175313059035
Esenkent,29,7237931.0344827585,5750000,62682.15601590029,117.75862068965517,95.03448275862068
Gürpınar,56,5877839.232142857,5750000,46189.80079990411,131.46428571428572,110.89285714285714
Gürsel,33,5981060.575757576,5750000,52759.57346333607,115.84848484848484,100.42424242424242
Kavaklı,281,6540144.59430605,5750000,46754.34647835073,142.97864768683274,121.22064056939502
Topselvi,8,6041250,5750000,63937.71121632733,96.125,77.375
Mecidiye,31,8999032.258064516,5700000,75476.98911028932,118.74193548387096,105.74193548387096
Nenehatun,24,5223666.625,5700000,44991.039387410136,125.41666666666667,111.08333333333333
Mahmutbey,28,6594642.857142857,5655000,63976.17066990959,107.10714285714286,87.32142857142857
Battalgazi,71,5942366.197183099,5650000,50566.7023716113,120.04225352112677,104.59154929577464
Haraççı,23,5979956.521739131,5650000,48197.56118863173,126.08695652173913,108.6086956521739
Kayışdağı,55,6254709.090909091,5650000,75376.55751925138,89.36363636363636,77.23636363636363
Kemalpaşa,37,5010810.810810811,5650000,48505.891158307764,108.45945945945945,99.5945945945946
Üniversite,34,6871029.411764706,5650000,48740.63824684769,139.02941176470588,117.29411764705883
Ahmet Yesevi,47,5613595.70212766,5640000,50929.48617790689,117.87234042553192,100.29787234042553
Muratpaşa,15,5978666.666666667,5625000,50210.93731059675,117.66666666666667,102.4
Bahçeşehir 2. Kısım,265,7462716.96981132,5600000,49913.52175334892,142.988679245283,117.75849056603774
Uğur Mumcu,35,6961057.114285714,5600000,54175.68942226316,125.17142857142858,108.25714285714285
Yassıören,2,5600000,5600000,40833.33333333333,147.5,130
Halkalı Merkez,36,6721500,5595000,56886.79601818483,117.22222222222223,101.80555555555556
Çanta Balaban,7,6234142.857142857,5549000,41432.29332730678,158.71428571428572,147.14285714285714
Ferhatpaşa,8,5168750,5525000,39365.66511198559,148.75,125
Kemal Türkler,24,6032166.666666667,5525000,48350.84083585359,128.45833333333334,111.125
Balat,7,5535714.285714285,5520000,51358.00352529676,110,91.85714285714286
Bülbül,1,5500000,5500000,76388.88888888889,72,69
Cemil Meriç,20,5387000,5500000,69848.34876216132,80.2,67.9
Esenler,27,5146111.111111111,5500000,48242.92298160909,116.11111111111111,99.88888888888889
Karlıbayır,22,5947227.2727272725,5500000,55177.92443517608,122.54545454545455,109.95454545454545
Mevlana,63,6111428.555555556,5500000,48353.920564892265,130.22222222222223,114.73015873015873
Murat Çeşme,7,5822857.142857143,5500000,53826.04481173162,107.42857142857143,83.14285714285714
Orhanlı,1,5500000,5500000,32352.941176470587,170,150
Orta,23,6511521.739130435,5500000,57976.9097195206,113.26086956521739,95.3913043478261
Parseller,9,8958888.888888888,5500000,72991.96428000982,118.77777777777777,101.55555555555556
Yeşiltepe,19,5862052.631578947,5500000,63935.59542778062,91.84210526315789,78.89473684210526
Yıldıztabya,35,5749393.971428571,5500000,49566.51522917784,123.25714285714285,102.68571428571428
Aydınlar,28,5726785.714285715,5495000,52555.78793552243,111.17857142857143,96
Eski Habipler,9,6245000,5490000,52729.64319630986,121.66666666666667,111.11111111111111
Altınşehir,70,5130614.271428571,5470000,46853.54987601767,119.78571428571429,105.61428571428571
Ambarlı,101,5621257.425742574,5450000,45065.71213603434,129.63366336633663,116.13861386138613
Büyükşehir,16,5655312.5,5450000,41933.31177338901,136.5625,117.3125
Rami Yeni,27,5855000,5450000,48529.98608585086,122.74074074074075,107.07407407407408
Silahtarağa,19,6070789.47368421,5450000,50952.04260073008,122.26315789473684,105.26315789473684
Örnektepe,1,5450000,5450000,60555.555555555555,90,80
Fevzi Çakmak,166,5563524.090361446,5425000,51118.58315923824,113.57228915662651,97.65060240963855
Barbaros Hayrettin Paşa,35,5465829.542857143,5350000,37245.50435626966,151.05714285714285,126.91428571428571
Koza,20,5907000,5350000,46599.41313694371,126.25,98.45
Çobançeşme,52,5597826.923076923,5340000,61080.649046606806,91.75,79.51923076923077
Gültepe,140,5578315.271428571,5325000,52843.85924931895,109.38571428571429,98.63571428571429
Fatih,285,5860680.694736842,5300000,49629.76865687048,122.75438596491227,106.15087719298245
Yeni,85,5896082.352941177,5300000,50855.83650160597,117.6470588235294,102.88235294117646
Yenidoğan,50,5200860.06,5300000,51218.0989741889,105.44,90.98
Çifte Havuzlar,1,5300000,5300000,70666.66666666667,75,70
İsmetpaşa,42,5223952.380952381,5272500,43107.98182014425,123.33333333333333,113.64285714285714
75. Yıl,33,5329818.181818182,5250000,46013.03403610109,120.75757575757575,111.3030303030303
Mareşal Çakmak,17,6155882.352941177,5250000,49313.91949476001,125.76470588235294,110.88235294117646
Sultan Selim,82,5515853.658536585,5250000,56755.42297202545,101.35365853658537,88.04878048780488
Tepeüstü,6,5879166.666666667,5250000,64056.92728324307,97.5,80.83333333333333
Çamçeşme,23,5647608.695652174,5250000,48713.53247969979,122.30434782608695,105.3913043478261
İçmeler,11,5137727.2727272725,5250000,53225.20639788634,99.36363636363636,82.54545454545455
Namık Kemal,86,6308593.011627907,5220000,62132.18452276895,105.37209302325581,90.77906976744185
Akpınar,24,5467875,5209500,52003.470909733194,106.875,92.75
Ihlamurkuyu,13,7042307.692307692,5200000,70079.21559964221,97.46153846153847,80.15384615384616
Karlıtepe,24,5849583.291666667,5200000,46190.07400995937,130,119.125
Valide-i Atik,52,7039884.615384615,5200000,65256.13968886704,106,93.67307692307692
Yukarı,7,6426428.571428572,5200000,44609.14121189545,138.14285714285714,111.57142857142857
Çağlayan,99,5951151.393939394,5200000,57785.896372377894,105.16161616161617,92.8080808080808
Kavakpınar,33,5436666.666666667,5150000,52285.111357438895,109.51515151515152,92.63636363636364
Ali Kuşçu,4,6375000,5100000,66703.66658719041,94.75,66.75
Nişancı,13,7453461.538461538,5100000,65146.827324958824,108.76923076923077,90.92307692307692
Orhangazi,55,5219018.163636364,5100000,46177.47531384205,117.87272727272727,100
Sarıgazi,14,5517500,5075000,45983.55824803801,119.71428571428571,100.42857142857143
Akıncılar,13,6438461.538461538,5050000,45994.1270729942,138.84615384615384,122.3076923076923
Paşa,62,5631451.612903226,5050000,62022.870104768,93.75806451612904,83.3225806451613
Tevfik Bey,60,5861750,5040000,57763.12656414827,102.11666666666666,89.16666666666667
Arnavutköy Merkez,18,5491333.333333333,5020000,48685.47314997058,129.44444444444446,118.05555555555556
Aşık Veysel,11,5147727.2727272725,5000000,47037.14757978526,110,94.72727272727273
Kaleiçi,1,5000000,5000000,55555.555555555555,90,85
Mescit,2,5000000,5000000,47822.966507177036,102.5,85
Safa,33,5286939.333333333,5000000,44928.142568658404,124.6969696969697,109.66666666666667
Çatma Mescit,1,4999000,4999000,62487.5,80,75
Cihangir,171,6191122.807017544,4990000,51701.91563929654,121.98245614035088,109.71345029239767
Soğukpınar,19,5368421.052631579,4990000,55493.24844611884,96.94736842105263,85.05263157894737
Adem Yavuz,5,5056000,4950000,52780.50936519041,99.8,84
Sancaktepe,8,5912500,4925000,46680.649824032174,125.625,111
Sakarya,13,5396153.846153846,4900000,48197.0984646324,115.38461538461539,97.6923076923077
Gazi,55,4888709.090909091,4890000,42462.32378648462,121.94545454545455,109.2909090909091
Anadolu,42,4912476.19047619,4875000,40352.43159366556,125.16666666666667,111.95238095238095
Yahya Kahya,4,4725000,4875000,55964.0522875817,83.75,76.5
Şemsipaşa,31,5240096.774193549,4800000,46461.101335516025,113.35483870967742,100.96774193548387
Yavuztürk,6,4875000,4775000,46903.01493609413,104.5,89.5
Aksaray,16,6257500,4770000,70818.78096318885,93.625,83.9375
Yavuz Selim,48,5497229.166666667,4759500,47535.29612911399,115.41666666666667,99.1875
Bolluca,10,4811400,4750000,46710.327545811415,112.1,99.1
Gülbahar,70,5051714.285714285,4750000,51400.28453049184,100.11428571428571,89.5
Zeynep Kamil,33,6132727.2727272725,4750000,64786.33260444406,90.15151515151516,81.39393939393939
Çakmaklı,9,5424888.888888889,4750000,45670.17691326286,121.22222222222223,101.88888888888889
Gençosman,16,5211875,4700000,48151.36724167591,110.5625,99.875
Talatpaşa,57,5199789.47368421,4700000,50913.15595086199,111.17543859649123,90.94736842105263
Yunus Emre,131,4940648.832061069,4700000,44610.356839641725,115.41221374045801,102.51908396946565
Denizköşkler,118,5034338.983050847,4675000,39825.135668521136,130.92372881355934,118.5
Hicret,3,4296666.666666667,4650000,37938.23099415204,115,103.33333333333333
Şehremini,70,6331142.857142857,4650000,56586.149042382196,102.25714285714285,93.12857142857143
Emniyettepe,22,5576363.636363637,4625000,48843.23761151442,119.31818181818181,102.86363636363636
Sururi Mehmet Efendi,4,5055000,4610000,54276.737967914436,93.75,86.25
Haseki Sultan,37,5278918.918918919,4600000,50733.47083648941,102.83783783783784,92.13513513513513
Kanarya,51,4450196.0784313725,4600000,41791.114377583704,110.2156862745098,96.11764705882354
Yeni Mahalle,85,5280905.882352941,4600000,43614.78056021807,126.58823529411765,111.37647058823529
Cibali,4,4561000,4597000,50446.177462887994,92,82.5
Zafer,156,5046403.846153846,4575000,47048.97085367604,113.52564102564102,97.9423076923077
Zeyrek,4,5525000,4575000,40909.72222222222,146.25,133.5
Şifa,40,4734375,4575000,44454.127270230034,112.55,91.45
100. Yıl,36,4910638.888888889,4550000,38024.15162971829,129.30555555555554,115.94444444444444
Cebeci,44,4817568.181818182,4550000,42050.35903981717,117.27272727272727,106.63636363636364
Hastane,2,4550000,4550000,50928.79256965945,90,77.5
Kalyoncu Kulluğu,3,7583333.333333333,4550000,54523.80952380953,141.66666666666666,108.33333333333333
Mehmet Akif Ersoy,67,7204014.925373134,4550000,61074.97339946574,120.34328358208955,104.82089552238806
Ömerli,5,4660000,4550000,47315.789473684206,98,90.4
Ertuğrul Gazi,2,4524500,4524500,31871.774193548386,137.5,120
Kazım Karabekir Paşa,1,4500000,4500000,50000,90,80
Rami Cuma,31,5783870.9677419355,4500000,44785.45134586746,122.87096774193549,102.38709677419355
Telsizler,37,4809459.459459459,4500000,53633.558028681866,92.37837837837837,83.64864864864865
Selimpaşa,47,4566297.70212766,4499000,42423.318491821265,111.68085106382979,98.70212765957447
Turgut Reis,40,4547549.95,4444500,42701.28478501547,108.4,94.025
Topkapı,8,6703125,4437500,59659.57485163666,108,94
Barbaros Hayrettinpaşa,17,4853529.411764706,4400000,40818.090117859116,118.82352941176471,104.82352941176471
Güvercintepe,104,4689423.076923077,4400000,39992.65950512788,122.50961538461539,108.33653846153847
Nişanca,6,4779999.833333333,4350000,52666.69528543352,90.83333333333333,81.66666666666667
Yeşilce,18,5055555.555555556,4315000,57518.5031761337,89.66666666666667,76.27777777777777
Türkoba,2,4312500,4312500,48195.15306122449,89,82
Akçaburgaz,4,4242500,4275000,30845.051391104025,143.75,115.25
Cerrahpaşa,30,5315000,4250000,53723.62285264316,100.5,90.76666666666667
Gümüşyaka,2,4250000,4250000,46369.230769230766,95,75
Kuştepe,26,5192307.692307692,4250000,50975.41972449533,103.57692307692308,93.57692307692308
Silivrikapı,65,5353307.692307692,4250000,60069.36454507501,89.56923076923077,80.84615384615384
Sultan Murat,37,5004513.513513514,4240000,48198.20858275276,108.10810810810811,98.32432432432432
Adnan Menderes,2,4225000,4225000,39764.957264957266,110,100
Kumburgaz,12,4223250,4215000,44441.889717833656,96.66666666666667,85.83333333333333
İskenderpaşa,16,5648125,4200000,49548.868115130346,110.5625,100.0625
İzzet Paşa,10,4862500,4200000,45515.90958036873,107.5,96.8
Boğazköy İstiklal,5,4216800,4194000,39179.5329768271,109,97
Karagümrük,12,6980833.333333333,4175000,62595.75455242772,107.08333333333333,97.08333333333333
50. Yıl,26,4468884.615384615,4147000,39231.90200642892,115.07692307692308,103.84615384615384
Orhan Gazi,40,5494249.975,4125000,40008.70738164156,133.3,97.225
Değirmenköy Fevzipaşa,3,3813333.3333333335,4100000,32053.846153846152,118.33333333333333,105
Söğütlü Çeşme,15,5513000,4100000,42616.20111914229,130.2,115.33333333333333
Zübeyde Hanım,33,4444818.181818182,4100000,38784.97887235353,124.6969696969697,108.48484848484848
Gökevler,46,3986173.8913043477,4050000,36721.17143103668,110.23913043478261,88.3695652173913
Deliklikaya,5,6770000,4000000,47556.69462242738,130,101.8
Eskişehir,51,4280000,4000000,48214.36345920929,90.50980392156863,78.15686274509804
Keçeci Piri,3,3850000,4000000,42782.58778258778,90,78.33333333333333
Yıldıztepe,9,4167222.222222222,4000000,36302.80807820149,118.77777777777777,108.88888888888889
Mustafa Kemal Paşa,98,4477908.1632653065,3995000,41221.6209542159,112.4795918367347,99.03061224489795
Hadımköy,37,4892324.297297297,3990000,44670.90229681745,113.97297297297297,103.21621621621621
Beşyol,1,3950000,3950000,43888.88888888889,90,80
Esenyalı,11,4392272.7272727275,3950000,34169.4499187681,133.1818181818182,120.18181818181819
Akşemseddin,4,4403750,3937500,36180.837341069724,120.25,107.5
Dizdariye,7,4350000,3900000,36813.64667078953,120.57142857142857,103.57142857142857
Gümüşpala,42,4521904.761904762,3900000,40440.51457412347,113.54761904761905,101.66666666666667
Şehsuvar Bey,1,3900000,3900000,37142.857142857145,105,90
Tuna,30,4080500,3875000,40947.77916913073,103.76666666666667,91.1
Nine Hatun,58,4575086.206896552,3862500,43431.58134522888,104.62068965517241,92.5
Ayvansaray,12,4766666.666666667,3825000,56221.09399315282,87.08333333333333,77.91666666666667
Güneştepe,20,4652200,3765000,45051.22583458614,102.15,89.6
Kazım Karabekir,57,4254210.50877193,3750000,40091.4779918598,108.19298245614036,97.3859649122807
Yakuplu,135,4202974.037037037,3750000,36519.77814518127,120.18518518518519,103.8962962962963
Mevlanakapı,37,4630270.27027027,3700000,48322.223197751366,94.62162162162163,84.78378378378379
Şirintepe,19,4006315.789473684,3700000,53488.86320713043,78.6842105263158,70.78947368421052
Koca Mustafapaşa,56,4105357.1428571427,3650000,49132.4230842636,84.42857142857143,76.69642857142857
Menderes,44,4549272.7272727275,3650000,46067.399716722524,98.75,87.11363636363636
Seyyid Ömer,124,4720000,3650000,49574.07133731061,91.91935483870968,83.31451612903226
Piri Mehmet Paşa,8,4575000,3600000,35316.36356710635,134,122.125
Hacıahmet,9,4877777.777777778,3550000,54163.80950425666,87.44444444444444,75
Mahmut Şevket Paşa,9,4094444.4444444445,3550000,41148.95160309247,101.66666666666667,88.33333333333333
Bağlarçeşme,23,4396434.782608695,3500000,34008.76930585769,127.08695652173913,110
Hırka-i Şerif,24,3962708.3333333335,3500000,46207.69762788419,88.58333333333333,77.91666666666667
Yedikule,19,4145263.1578947366,3500000,45069.272806802735,91.05263157894737,80.47368421052632
Yeşilkent,41,3858878.048780488,3500000,37008.4281583449,105.07317073170732,86.73170731707317
Kemer,16,4638125,3470000,44884.31970577868,101.1875,88.375
Akevler,42,3790571.404761905,3450000,34047.08947230778,111.42857142857143,94.95238095238095
Oruçreis,22,4452727.2727272725,3450000,41028.265754312015,108.13636363636364,94.04545454545455
Sanayi,12,4385416.666666667,3450000,35813.13210425053,117,104.16666666666667
Davutpaşa,10,4442900,3424500,42692.509529686,105.5,96.3
Alipaşa,1,3400000,3400000,42500,80,75
Saraç İshak,1,3400000,3400000,45333.333333333336,75,70
Sümbül Efendi,27,3870333.3333333335,3400000,45455.71134431783,85.33333333333333,77.96296296296296
Atikali,6,3358333.3333333335,3350000,33390.732361320595,103.33333333333333,89.16666666666667
Birlik,19,3990000,3350000,43208.61871186949,93.52631578947368,83.15789473684211
Harmantepe,47,4003085.1063829786,3350000,48783.827540192295,85.02127659574468,75.7872340425532
Kamiloba,17,4124117.6470588236,3300000,35072.32650896373,115.58823529411765,99.11764705882354
Ardıçlı,29,4659965.517241379,3290000,39961.98407630114,114.55172413793103,95
Baklalı,1,3250000,3250000,30373.831775700935,107,86
Değirmenköy İsmetpaşa,2,3250000,3250000,30283.22440087146,110,95
Kulaksız,5,3790000,3250000,53178.57142857143,73,63
Piri Reis,33,3664545.4545454546,3250000,32968.06178330227,112,99.3030303030303
Sazlıbosna,3,2998333.3333333335,3245000,32415.03267973856,96.66666666666667,85.33333333333333
Şehitler,7,3175714.285714286,3200000,29759.246601351864,111.42857142857143,97.42857142857143
Derviş Ali,15,3709333.3333333335,3190000,45968.90234372891,88.73333333333333,77.13333333333334
Güzelyurt,85,3543516.4470588234,3185000,31081.23672426611,116.21176470588236,103.74117647058823
Yenikent,13,3227923.076923077,3100000,29023.70011904425,112.6923076923077,100.6923076923077
Selahaddin Eyyubi,8,2905500,3099500,30135.59757236228,98.75,84.875
Beylikdüzü OSB,26,3426692.3076923075,3000000,28364.649951758296,120.1923076923077,108.46153846153847
Saadetdere,23,3128217.3913043477,3000000,29200.300188478082,107.95652173913044,94.91304347826087
Süleymaniye,11,3499818.1818181816,2975000,29172.562939868378,121.18181818181819,109.45454545454545
Mehterçeşme,58,3167706.879310345,2950000,28130.242193756105,113.84482758620689,100.48275862068965
Necip Fazıl Kısakürek,11,3214090.909090909,2950000,21127.146905441175,154.1818181818182,140.27272727272728
Çanta Sancaktepe,4,3287500,2950000,22115.09324009324,148,135.25
İncirtepe,31,3216548.3870967743,2950000,27980.734496974783,122.64516129032258,110.80645161290323
Üçevler,28,3257678.5714285714,2930000,30027.242635903836,114.5,97.78571428571429
Sultaniye,28,3184428.535714286,2925000,27779.17829426471,116.57142857142857,102.07142857142857
Turgut Özal,13,3233384.6153846155,2900000,29696.634254933848,109.61538461538461,98.84615384615384
Alibey,16,3190625,2875000,29127.750685876286,114.375,102.875
Yenigün,7,3429285.714285714,2850000,36209.23061532305,92.14285714285714,82.71428571428571
Pınar,22,3287272.727272727,2750000,27943.10394902549,118.31818181818181,101.72727272727273
Balıkyolu,7,2839857.1428571427,2730000,26412.55338499036,111.42857142857143,92.71428571428571
Kadımehmet Efendi,3,5033333.333333333,2700000,47586.13350360497,97.33333333333333,88
Camiikebir,1,2350000,2350000,27647.058823529413,85,72
