listing_url,listing_type,scraped_at,price
"https://www.sahibinden.com/ilan/emlak-konut-satilik-mavera-comfort-bos-satilik-4,5-plus1-daire-202m2-buyuk-tip-1305015723/detay",satilik,2026-05-26T18:06:30.096633,
https://www.sahibinden.com/ilan/emlak-konut-satilik-beylikduzu-adnan-kahvecide-3-plus1-150-m2-luks-daire-1316285063/detay,satilik,2026-05-26T18:06:54.406232,
"https://www.sahibinden.com/ilan/emlak-konut-satilik-satis-ofisinden-bankasiz,kefilsiz-vade-ile-yeni-evinize-tasinin-1304939327/detay",satilik,2026-05-26T18:07:17.931006,
https://www.sahibinden.com/ilan/emlak-konut-satilik-four-seasons-private-residences-etiler-de-keyifli-satilik-daire-1256020314/detay,satilik,2026-05-26T18:07:41.164978,
https://www.sahibinden.com/ilan/emlak-konut-satilik-artemin-kucukyali-camlik-ta-bahce-terasli-80m2-sifir-2-plus1-1317280647/detay,satilik,2026-05-26T18:08:04.627922,
https://www.sahibinden.com/ilan/emlak-konut-satilik-esenyurt-kiracta-satilik-cati-piyesli-ayri-girisli-dubleks-3-plus2-1316271175/detay,satilik,2026-05-26T18:08:29.051472,
https://www.sahibinden.com/ilan/emlak-konut-satilik-beylikduzu-kavakli-da-yasam-vadisi-ustu-sifir-luks-2-plus1-daire-1299649207/detay,satilik,2026-05-26T18:08:29.053546,
https://www.sahibinden.com/ilan/emlak-konut-satilik-sisli-siracevizler-de-105-m2-ozel-tasarim-3-plus1-satilik-daire-1310408812/detay,satilik,2026-05-26T18:08:29.055545,
https://www.sahibinden.com/ilan/emlak-konut-satilik-bosphorus-city-en-buyuk-izole-bahceli-tekli-blok-yali-dairesi-1318942601/detay,satilik,2026-05-26T18:08:29.057168,
https://www.sahibinden.com/ilan/emlak-konut-satilik-karadeniz-mah.merkezi-konum-da-4-plus2-135-m2-masrafsiz-dublex-1303890779/detay,satilik,2026-05-26T18:08:29.059353,
https://www.sahibinden.com/ilan/emlak-konut-satilik-eyup-bahar-yaka-sitesi-halic-manzarali-2-plus1-firsat-arakat-daire-1270878274/detay,satilik,2026-05-26T18:08:29.063664,
https://www.sahibinden.com/ilan/emlak-konut-satilik-beylikduzu-sonsuz-yapi-da-havuzlu-full-consept-site-ici-2-plus1-1315356065/detay,satilik,2026-05-26T18:08:29.067147,
https://www.sahibinden.com/ilan/emlak-konut-satilik-beylikduzu-safa-dan-merkezi-konumda-4-plus2-dubleks-firsati-1317257040/detay,satilik,2026-05-26T18:08:29.070660,
https://www.sahibinden.com/ilan/emlak-konut-satilik-guzel-city-deniz-manzarali-2-plus1-huzurlu-yasam-alani-1316688602/detay,satilik,2026-05-26T18:08:29.072984,
https://www.sahibinden.com/ilan/emlak-konut-satilik-aile-sitesinde-full-aktiviteli-balkonlu-satilik-ara-kat-2-plus1daire-1318520766/detay,satilik,2026-05-26T18:08:29.075515,
https://www.sahibinden.com/ilan/emlak-konut-satilik-asya-dan-veliefendi-de-1-plus1-75-m2-yuksek-giris-satilik-daire-1303102000/detay,satilik,2026-05-26T18:08:29.077542,
https://www.sahibinden.com/ilan/emlak-konut-satilik-bostanci-da-3-plus1-deniz-manzara-ebeveyn-bny-118m2-luks-daire-1316258230/detay,satilik,2026-05-26T18:08:29.079635,
https://www.sahibinden.com/ilan/emlak-konut-satilik-cadde-uzeri-yeni-metro-projesine-7-dk-ara-kat-2-plus1-firsat-daire-1283599903/detay,satilik,2026-05-26T18:08:29.081675,
https://www.sahibinden.com/ilan/emlak-konut-satilik-kucukyali-villalar-bolgesinde-tek-yetkili-6-yillik-2-plus1luks-daire-1316237320/detay,satilik,2026-05-26T18:08:29.083855,
https://www.sahibinden.com/ilan/emlak-konut-satilik-metrobuse-yakin-krediye-uygun-satilik-2-plus1-daire-1310395511/detay,satilik,2026-05-26T18:08:29.086484,
https://www.sahibinden.com/ilan/emlak-konut-satilik-ekin-sitesi-nde-manzarali-masrafsiz-3-plus1-satilik-daire-1306855585/detay,satilik,2026-05-26T18:08:29.088736,
https://www.sahibinden.com/ilan/emlak-konut-satilik-yakacik-ta-katta-tek-3-plus1-daire-doga-koleji-karsisi-otoparkli-1306030522/detay,satilik,2026-05-26T18:08:29.091058,
"https://www.sahibinden.com/ilan/emlak-konut-satilik-beylikduzu-nde-luks,kalite,huzur-burda-iskanli-sifir-3-plus1-1315325231/detay",satilik,2026-05-26T18:08:29.093337,
https://www.sahibinden.com/ilan/emlak-konut-satilik-basaksehir-meydan-basaksehir-sifir-satilik-4-plus1-daire-1299284081/detay,satilik,2026-05-26T18:08:29.095208,
https://www.sahibinden.com/ilan/emlak-konut-satilik-violet-site-nde-genis-ve-kullanisli-2-plus1-ara-kat-daire-1309455783/detay,satilik,2026-05-26T18:08:29.097243,
https://www.sahibinden.com/ilan/emlak-konut-satilik-kartal-yakacik-ta-1-plus1-satilik-daire-panoramik-ada-manzarasi-1316199991/detay,satilik,2026-05-26T18:08:29.099383,
https://www.sahibinden.com/ilan/emlak-konut-satilik-helenium-wings-kurtkoy-de-1-plus1-luks-daire-hemen-tasinin-1304737603/detay,satilik,2026-05-26T18:08:29.101451,
https://www.sahibinden.com/ilan/emlak-konut-satilik-1-plus1-cati-kati-80-m2-kosebasi-balkonlu-daire-tapulu-5-2-hisseli-1299172529/detay,satilik,2026-05-26T18:08:29.104974,
https://www.sahibinden.com/ilan/emlak-konut-satilik-demircioglundan-metro-nun-yaninda-uygun-fiyat-daire-1292624643/detay,satilik,2026-05-26T18:08:29.107783,
https://www.sahibinden.com/ilan/emlak-konut-satilik-baris-mahallesinde-site-ici-kat-mulkiyetli-3-plus1-satilik-daire-1310338761/detay,satilik,2026-05-26T18:08:29.109423,
https://www.sahibinden.com/ilan/emlak-konut-satilik-beylikduzu-kent-ormani-hasircilar-avm-lokasyonu-butik-site-1288097108/detay,satilik,2026-05-26T18:08:29.111135,
https://www.sahibinden.com/ilan/emlak-konut-satilik-kucukcekmece-gol-marin-de-satilik-3-plus1-site-ici-daire-otoparkli-1318892435/detay,satilik,2026-05-26T18:08:29.113424,
https://www.sahibinden.com/ilan/emlak-konut-satilik-ravel-yapi-beylikduzu-nde-kisa-kat-firsat-3-plus1-daire-1311197269/detay,satilik,2026-05-26T18:08:29.115745,
https://www.sahibinden.com/ilan/emlak-konut-satilik-atakoy-nef-22-de-full-esyali-yuksek-kat-1-plus1-satilik-daire-1310242066/detay,satilik,2026-05-26T18:08:29.117357,
https://www.sahibinden.com/ilan/emlak-konut-satilik-nes-yapi-dan-saadetdere-de-kelepir-satilik-genis-daire-1318246007/detay,satilik,2026-05-26T18:08:29.120078,
https://www.sahibinden.com/ilan/emlak-konut-satilik-k.cekmece-kanarya-mah-6-10-yas-2-plus1-70m2-balkonlu-satildi-1310324461/detay,satilik,2026-05-26T18:08:29.122603,
https://www.sahibinden.com/ilan/emlak-konut-satilik-bahcesehir-2.kisimda-oncu-grup-tan-satilik-2-plus1-daire-1318420599/detay,satilik,2026-05-26T18:08:29.124433,
https://www.sahibinden.com/ilan/emlak-konut-satilik-referans-gayrimenkul-findikli-mahallesinde-2-plus1-satilik-daire-1318866090/detay,satilik,2026-05-26T18:08:29.126607,
https://www.sahibinden.com/ilan/emlak-konut-satilik-tam-donanimli-site-ici-ebeveyn-banyolu-3-plus1-metrobuse-10dk-mesafe-1295583182/detay,satilik,2026-05-26T18:08:29.128616,
https://www.sahibinden.com/ilan/emlak-konut-satilik-guvenlikli-site-de-metrobuse-yakin-luks-dekor-3-plus1-130-m2-daire-1318424299/detay,satilik,2026-05-26T18:08:29.130290,
https://www.sahibinden.com/ilan/emlak-konut-satilik-cok-uygun-ferah-21-sb2f-bahce-kati-lux-var-846763395/detay,satilik,2026-05-26T18:08:29.132117,
https://www.sahibinden.com/ilan/emlak-konut-satilik-esenyurt-mevlana-mahallesinde-dekorlu-2-plus1-genis-m2-satilik-daire-1317235104/detay,satilik,2026-05-26T18:08:29.134015,
https://www.sahibinden.com/ilan/emlak-konut-satilik-koroglu-dan-armaganevler-mah-ifm-yakin-site-ici-2-plus1-1310314582/detay,satilik,2026-05-26T18:08:29.137153,
https://www.sahibinden.com/ilan/emlak-konut-satilik-beylikduzu-de-merkezi-konumda-firsat-daire-3-plus2-satilik-dubleks-1311071016/detay,satilik,2026-05-26T18:08:29.139358,
https://www.sahibinden.com/ilan/emlak-konut-satilik-beylikduzu-adnan-kahveci-mah-havuzlu-site-icerisinde-3-plus1-daire-1311264090/detay,satilik,2026-05-26T18:08:29.140840,
https://www.sahibinden.com/ilan/emlak-konut-satilik-beylikduzu-nde-yasam-vadisinin-yakininda-modern-tasarim-3-plus1-1317111776/detay,satilik,2026-05-26T18:08:29.142180,
https://www.sahibinden.com/ilan/emlak-konut-satilik-emlakvar-sancaktepe-metroya-6-dakika-iskanli-2-plus1-3.kat-100m2-1279581847/detay,satilik,2026-05-26T18:08:29.144019,
https://www.sahibinden.com/ilan/emlak-konut-satilik-bayrama-ozel-eminevime-krediye-uygun-2-plus1-500.000-tl-pesinat-ile-1315201694/detay,satilik,2026-05-26T18:08:29.145821,
https://www.sahibinden.com/ilan/emlak-konut-satilik-beyaz-kosk-caddesi-nde-satilik-3-plus1-daire-110m2-yatirima-uygun-1316114801/detay,satilik,2026-05-26T18:08:29.147206,
https://www.sahibinden.com/ilan/emlak-konut-satilik-weststar-gayrimenkul-emir-bicakci-dan-westside-2-plus1-acik-mutfak-1311272664/detay,satilik,2026-05-26T18:08:29.148926,
https://www.sahibinden.com/ilan/emlak-konut-satilik-suryapi-lavender-de-satilik-3-plus1-genis-bahceli-daire-1318848809/detay,satilik,2026-05-26T18:08:29.150677,
https://www.sahibinden.com/ilan/emlak-konut-satilik-his-gayrimenkul-den-idealtepe-sahilde-sifir-bina-ara-kat2-plus1-90m2-1318847296/detay,satilik,2026-05-26T18:08:29.152700,
https://www.sahibinden.com/ilan/emlak-konut-satilik-beylikduzu-oncu-den-90-kredi-imkani-site-ici-2-plus1-satilik-daire-1300060494/detay,satilik,2026-05-26T18:08:29.154721,
https://www.sahibinden.com/ilan/emlak-konut-satilik-maltepe-findikli-da-satilik-2-plus1-daire-90m2-yatirim-firsati-1313225497/detay,satilik,2026-05-26T18:08:29.156212,
https://www.sahibinden.com/ilan/emlak-konut-satilik-somemlaktan-yali-mh-6.kat-3-plus1-satilik-daire-1293553272/detay,satilik,2026-05-26T18:08:29.158169,
https://www.sahibinden.com/ilan/emlak-konut-satilik-ispartakule-bizimevler-2-temiz-peyzaj-manzara-satilik-firsat-2-plus1-1310281175/detay,satilik,2026-05-26T18:08:29.160153,
https://www.sahibinden.com/ilan/emlak-konut-satilik-avcilar-mustafa-kemal-pasada-balkonlu-genism2-2-plus1-satilik-daire-1314618464/detay,satilik,2026-05-26T18:08:29.161561,
https://www.sahibinden.com/ilan/emlak-konut-satilik-aktas-bogazici-evleri-nde-ozel-tasarim-4-plus1-dubleks-daire-1318725430/detay,satilik,2026-05-26T18:08:29.163095,
https://www.sahibinden.com/ilan/emlak-konut-satilik-deniz-manzarali-5-plus2-dubleks-daire-avcilar-denizkoskler-1318823249/detay,satilik,2026-05-26T18:08:29.164890,
https://www.sahibinden.com/ilan/emlak-konut-satilik-beykoz-cubuklu-da-deniz-manzarali-2-plus1-kiraci-sorunu-yoktur-1318817559/detay,satilik,2026-05-26T18:08:29.166731,
https://www.sahibinden.com/ilan/emlak-konut-satilik-beylikduzu-oncu-gruptan-merkezi-konumda-2-plus1-lux-satilik-daire-1300078970/detay,satilik,2026-05-26T18:08:29.168779,
https://www.sahibinden.com/ilan/emlak-konut-satilik-mehmet-akif-te-ana-cadde-uzeri-satilik-2-plus1-dubleks-daire-1203527164/detay,satilik,2026-05-26T18:08:29.171356,
https://www.sahibinden.com/ilan/emlak-konut-satilik-caddebostan-da-deniz-manzarali-bahceli-guvenlikli-180m2-4-plus1-1318820572/detay,satilik,2026-05-26T18:08:29.172964,
https://www.sahibinden.com/ilan/emlak-konut-satilik-sulukule-de-deniz-manzarali-terasli-6-plus2-dubleks-daire-1290157317/detay,satilik,2026-05-26T18:08:29.174443,
https://www.sahibinden.com/ilan/emlak-konut-satilik-full-donanimli-site-ici-on-cephe-acil-satilik-2-plus1-daire-1317830259/detay,satilik,2026-05-26T18:08:29.176244,
https://www.sahibinden.com/ilan/emlak-konut-satilik-acil-satilik-kelepir-2-plus1-kavakli-mah-1317084123/detay,satilik,2026-05-26T18:08:29.177965,
https://www.sahibinden.com/ilan/emlak-konut-satilik-silivri-de-butik-site-ici-sifir-2-plus1-daire-oturum-basladi-1251953093/detay,satilik,2026-05-26T18:08:29.179317,
https://www.sahibinden.com/ilan/emlak-konut-satilik-beylikduzu-adnan-kahvecide-otoparkli-metrobuse-yurume-3-plus1-1318392252/detay,satilik,2026-05-26T18:08:29.181101,
https://www.sahibinden.com/ilan/emlak-konut-satilik-guvenlikli-plus-havuzlu-site-icinde-metrobuse-10dk-satilik-daire-1314028397/detay,satilik,2026-05-26T18:08:29.183025,
https://www.sahibinden.com/ilan/emlak-konut-satilik-site-ici-2-plus1-metrobuse-10-dk-yuksek-kira-getirili-firsat-daire-1307097758/detay,satilik,2026-05-26T18:08:29.185033,
https://www.sahibinden.com/ilan/emlak-konut-satilik-pozitiften-sarissa-3-plus1-ici-yapili-bos-oturuma-hazir-13.150.000tl-1298850896/detay,satilik,2026-05-26T18:08:29.187202,
https://www.sahibinden.com/ilan/emlak-konut-satilik-ana-cadde-uzeri-site-ici-esyali-1-plus0-yuksek-kira-getirili-daire-1279382226/detay,satilik,2026-05-26T18:08:29.189204,
https://www.sahibinden.com/ilan/emlak-konut-satilik-cakmak-emlak-tan-altintepe-de-yeni-binada-katta-2-plus1-daire-1291495656/detay,satilik,2026-05-26T18:08:29.191394,
https://www.sahibinden.com/ilan/emlak-konut-satilik-diba-dan-bayram-oncesi-firsati-oturuma-hazir-3-plus1-ara-kat-1317648333/detay,satilik,2026-05-26T18:08:29.193082,
https://www.sahibinden.com/ilan/emlak-konut-satilik-eksioglu-mahallesinde-topraktan-firsat-daireler-1302100577/detay,satilik,2026-05-26T18:08:29.194556,
https://www.sahibinden.com/ilan/emlak-konut-satilik-beylikduzu-a.kahv.kolejler-bolgesi-kisa-katli-havuzlu-butik-site-1300256727/detay,satilik,2026-05-26T18:08:29.195874,
https://www.sahibinden.com/ilan/emlak-konut-satilik-kartal-cevizli-de___genc-binada__2-plus1-satilik-daire-1318802173/detay,satilik,2026-05-26T18:08:29.197870,
https://www.sahibinden.com/ilan/emlak-konut-satilik-guvener-mimarlik-tan-sik-ve-mimari-tasarimli-site-ici-2-plus1-daire-1301347924/detay,satilik,2026-05-26T18:08:29.199457,
https://www.sahibinden.com/ilan/emlak-konut-satilik-guvener-mimarlik-tan-metrobuse-yakin-site-ici-ultra-luks-daire-1301341845/detay,satilik,2026-05-26T18:08:29.200823,
https://www.sahibinden.com/ilan/emlak-konut-satilik-guvener-mimarlik-tan-guvenlikli-site-icinde-1-plus1-satilik-daire-1301305018/detay,satilik,2026-05-26T18:08:29.203047,
https://www.sahibinden.com/ilan/emlak-konut-satilik-bagdat-cadde-cepheli-tabela-degeri-yuksek-prestijli-klinik-ofis-1317067796/detay,satilik,2026-05-26T18:08:29.205007,
https://www.sahibinden.com/ilan/emlak-konut-satilik-ravel-yapi-butik-site-de-havuzlu-4-plus2-luks-dubleks-daire-1307162383/detay,satilik,2026-05-26T18:08:29.206558,
https://www.sahibinden.com/ilan/emlak-konut-satilik-kartaltepe-de-satilik-2-plus1-cati-kati-daire-92m2yerden-isitmali-1318795770/detay,satilik,2026-05-26T18:08:29.208738,
https://www.sahibinden.com/ilan/emlak-konut-satilik-narli-bahce-cok-iyi-konumda-buyuk-balkonlu-3-plus-1-48-ay-vadeli-1304597527/detay,satilik,2026-05-26T18:08:29.210268,
https://www.sahibinden.com/ilan/emlak-konut-satilik-beylikduzu-ata-dan-cumhuriyet-mah-site-ici-plus-guvenlik-2-plus1-daire-1297324769/detay,satilik,2026-05-26T18:08:29.211813,
https://www.sahibinden.com/ilan/emlak-konut-satilik-mabeyn-yapi-dan-satilik-havuzlu-guvenlikli-site-ici-luks-daire-1233099550/detay,satilik,2026-05-26T18:08:29.214158,
https://www.sahibinden.com/ilan/emlak-konut-satilik-sirinevlerde-1-katta-meydana-yakin-3-plus1-satilik-daire-1296312016/detay,satilik,2026-05-26T18:08:29.215783,
https://www.sahibinden.com/ilan/emlak-konut-satilik-lunox-huzur-metro-yakin-1-plus1-yuksek-giris-otoparkli-satilik-daire-1318794162/detay,satilik,2026-05-26T18:08:29.217221,
https://www.sahibinden.com/ilan/emlak-konut-satilik-baglarcesme-de-kira-oder-gibi-daire-sahibi-olma-imkani-1317949424/detay,satilik,2026-05-26T18:08:29.219537,
https://www.sahibinden.com/ilan/emlak-konut-satilik-efe-den-merkezi-konumlu-cift-cephe-krediye-uygun-dekorlu2-plus1-1313081816/detay,satilik,2026-05-26T18:08:29.222794,
https://www.sahibinden.com/ilan/emlak-konut-satilik-siem-den-beylikduzu-baris-mah.metrobuse-yakin-3-plus1-daire-1311438980/detay,satilik,2026-05-26T18:08:29.225763,
https://www.sahibinden.com/ilan/emlak-konut-satilik-satilik-dublex-avcilar-tahtakale-tapu-masrafi-yok-1318786972/detay,satilik,2026-05-26T18:08:29.229784,
https://www.sahibinden.com/ilan/emlak-konut-satilik-altaycesme-metem-sitesinde-guvenlikli-otoparkli-3-plus1-daire-130m2-1310071870/detay,satilik,2026-05-26T18:08:29.231357,
https://www.sahibinden.com/ilan/emlak-konut-satilik-kurtkoy-metro-duragina-yakin-satilik-2-plus1-luks-daire-1318782428/detay,satilik,2026-05-26T18:08:29.233197,
https://www.sahibinden.com/ilan/emlak-konut-satilik-teknik-yapi-metropark-ta-1-plus1-ayri-mutfakli-satilik-daire-1315119041/detay,satilik,2026-05-26T18:08:29.235113,
https://www.sahibinden.com/ilan/emlak-konut-satilik-erdas-insaattan-merkez-mh-satilik-2-plus1-asansorlu-arakat-daire-1318784288/detay,satilik,2026-05-26T18:08:29.237362,
https://www.sahibinden.com/ilan/emlak-konut-satilik-direct-ten-metro-hilltowna-komsu-otoparkli-manzarali-dubleks-1315106704/detay,satilik,2026-05-26T18:08:29.239112,
https://www.sahibinden.com/ilan/emlak-konut-satilik-yaricilar-insaat-tan-site-icinde-satilik-luks-daireler-1318782314/detay,satilik,2026-05-26T18:08:29.240534,
https://www.sahibinden.com/ilan/emlak-konut-satilik-cumhuriyet-mah-kelepir-metrobuse-yakin-site-ici-luks-1-plus1-1308973062/detay,satilik,2026-05-26T18:08:29.242350,
https://www.sahibinden.com/ilan/emlak-konut-satilik-park-mavera-3-de-botanik-bahce-manzarali-satilik-1.0-bos-daire-1248676054/detay,satilik,2026-05-26T18:08:29.244209,
https://www.sahibinden.com/ilan/emlak-konut-satilik-maslak-1453-bos-169m2-c-kule-2-plus1-hemen-teslim-vatandasliga-uygun-1317037387/detay,satilik,2026-05-26T18:08:29.245744,
https://www.sahibinden.com/ilan/emlak-konut-satilik-yaricilar-insaat-tan-site-icinde-satilik-daireler-1318777323/detay,satilik,2026-05-26T18:08:29.247270,
https://www.sahibinden.com/ilan/emlak-konut-satilik-kapali-otopark-merkeze-5-sb2f-uzaklikta-satilik-var-studyo-10-doga-manzarali-sahibinden-846792504/detay,satilik,2026-05-26T18:08:29.249334,
https://www.sahibinden.com/ilan/emlak-konut-satilik-ares-den-site-ici-2-plus1-firsat-daire-1309429004/detay,satilik,2026-05-26T18:08:29.251149,
https://www.sahibinden.com/ilan/emlak-konut-satilik-goztepe-dumplupinar-da-yeni-binada-3-plus1-luks-daire-teklife-acik-1315838356/detay,satilik,2026-05-26T18:08:29.253305,
https://www.sahibinden.com/ilan/emlak-konut-satilik-4-gazetecilerde-panoromik-manzarali-bayrama-karli-girin-1310083461/detay,satilik,2026-05-26T18:08:29.255461,
https://www.sahibinden.com/ilan/emlak-konut-satilik-beylikduzu-merkezde-kisa-katli-butik-sitede-ebeveyn-banyolu-3-plus1-1309831332/detay,satilik,2026-05-26T18:08:29.257131,
https://www.sahibinden.com/ilan/emlak-konut-satilik-siem-den-beylikduzu-yakupluda-yatirimlik-gercek-ilan-2-plus1-daire-1318158429/detay,satilik,2026-05-26T18:08:29.258726,
https://www.sahibinden.com/ilan/emlak-konut-satilik-sultangazi-cebeci-panorama-sitesinde-satilik-ferah-daire-1316966282/detay,satilik,2026-05-26T18:08:29.260647,
https://www.sahibinden.com/ilan/emlak-konut-satilik-cinar-mh-3-plus1-otoparkli-ister-yatirim-ister-oturum-1318716006/detay,satilik,2026-05-26T18:08:29.262089,
https://www.sahibinden.com/ilan/emlak-konut-satilik-ravel-yapi-ister-yatirim-ister-oturum-2-plus1-sifir-daire-1098406751/detay,satilik,2026-05-26T18:08:29.263692,
https://www.sahibinden.com/ilan/emlak-konut-satilik-bakirkoy-kartaltepe-mektupcu-sokakta-satilik-merkezi-2-plus1-daire-1313072017/detay,satilik,2026-05-26T18:08:29.265337,
https://www.sahibinden.com/ilan/emlak-konut-satilik-metrobuse-5-dakika-site-ici-acil-satilik-daire-1314422833/detay,satilik,2026-05-26T18:08:29.267328,
https://www.sahibinden.com/ilan/emlak-konut-satilik-beylikduzu-safadan-marinaya-yakin-cift-terasli-5-plus2-firsati-1316944546/detay,satilik,2026-05-26T18:08:29.269766,
https://www.sahibinden.com/ilan/emlak-konut-satilik-butik-site-ici-metrobuse-yakin-2-plus1-balkonlu-genis-satilik-daire-1318032494/detay,satilik,2026-05-26T18:08:29.272060,
https://www.sahibinden.com/ilan/emlak-konut-satilik-concept-gayrimenkul-tuzla-da-satilik-ozel-tasarim-ara-kat-4-plus2-1311018588/detay,satilik,2026-05-26T18:08:29.274387,
https://www.sahibinden.com/ilan/emlak-konut-satilik-pendik-bahcelievler-2-plus1-satilik-firsat-daire-1318687951/detay,satilik,2026-05-26T18:08:29.276362,
https://www.sahibinden.com/ilan/emlak-konut-satilik-sample-park-atasehir-de-havuzlu-guvenlikli-sitede-luks-daire-1315951037/detay,satilik,2026-05-26T18:08:29.278033,
https://www.sahibinden.com/ilan/emlak-konut-satilik-beylikduzu-merkezde-kisa-katli-deniz-manzarali-dubleks-daire-1318345996/detay,satilik,2026-05-26T18:08:29.280390,
https://www.sahibinden.com/ilan/emlak-konut-satilik-gayrimenkulist-ten-lux-site-icerisinde-mustakil-bahceli-daire-1312894423/detay,satilik,2026-05-26T18:08:29.282476,
https://www.sahibinden.com/ilan/emlak-konut-satilik-metrobuse-yakin-merkezi-konumda-2-plus1-havuzlu-site-ici-daire-1295452182/detay,satilik,2026-05-26T18:08:29.283894,
https://www.sahibinden.com/ilan/emlak-konut-satilik-beylikduzu-sonsuz-yapi-dan-deniz-manzarali-huzur-dolu-luks-2-plus1-1315698023/detay,satilik,2026-05-26T18:08:29.286921,
https://www.sahibinden.com/ilan/emlak-konut-satilik-beylikduzunde-aydinlik-konforlu-sifir-2-plus1-ara-kat-daire-1318356430/detay,satilik,2026-05-26T18:08:29.289151,
https://www.sahibinden.com/ilan/emlak-konut-satilik-metrobuse-9-dk-mesafede-yuksek-kira-getirili-2-plus1-site-ici-daire-1318064574/detay,satilik,2026-05-26T18:08:29.291336,
https://www.sahibinden.com/ilan/emlak-konut-satilik-marmara-mahallesinde-bahce-keyifli-villa-tarzi-sifir-2-plus1-1316893671/detay,satilik,2026-05-26T18:08:29.293761,
https://www.sahibinden.com/ilan/emlak-konut-satilik-arti-dan-tek-yetkili-guneye-cepheli-deniz-manzarali-kose-konumda-1314957411/detay,satilik,2026-05-26T18:08:29.296422,
https://www.sahibinden.com/ilan/emlak-konut-satilik-sahibinden-alya-park-teras-satilik-1-plus1-akilli-ev-sifir-1313018708/detay,satilik,2026-05-26T18:08:29.297970,
https://www.sahibinden.com/ilan/emlak-konut-satilik-beylikduzu-marinada-guvenlikli-havuzlu-sitede-3-plus1-1272654927/detay,satilik,2026-05-26T18:08:29.299558,
https://www.sahibinden.com/ilan/emlak-konut-satilik-mavera-boutique-satilik-4-plus1-sifir-daire-1315939275/detay,satilik,2026-05-26T18:08:29.301808,
https://www.sahibinden.com/ilan/emlak-konut-satilik-atakent-te-satilik-4-plus1-kral-daire-165m2-kiracili-1316895493/detay,satilik,2026-05-26T18:08:29.304499,
https://www.sahibinden.com/ilan/emlak-konut-satilik-beylikduzu-sonsuz-da-marinada-deniz-manzarali-3-plus1-firsat-daire-1265961582/detay,satilik,2026-05-26T18:08:29.306816,
https://www.sahibinden.com/ilan/emlak-konut-satilik-beylikduzu-bess-grup-tan-bahce-kullanimli-2-plus1-satilik-daire-1318342718/detay,satilik,2026-05-26T18:08:29.310182,
https://www.sahibinden.com/ilan/emlak-konut-satilik-acil-satilik-1-plus1-bu-aya-ozel-kampanya-kacirilmaz-fiyat-1267814318/detay,satilik,2026-05-26T18:08:29.312371,
https://www.sahibinden.com/ilan/emlak-konut-satilik-kayasehir-24-bolge-satilik-1-plus1-daire-cadde-uzeri-guney-cephe-1314941980/detay,satilik,2026-05-26T18:08:29.316213,
https://www.sahibinden.com/ilan/emlak-konut-satilik-bahcesehir-lokasyonunda-ulasima-yakin-2-plus1-sifir-satilik-daire-1311247311/detay,satilik,2026-05-26T18:08:29.319398,
https://www.sahibinden.com/ilan/emlak-konut-satilik-beylikduzunde-bu-fiyata-son-2-plus1-acil-satilik-kelepir-daire-1187989138/detay,satilik,2026-05-26T18:08:29.325322,
https://www.sahibinden.com/ilan/emlak-konut-satilik-var-kacirilmayacak-firsat-sb2f-kapali-otopark-acil-sahibinden-31-satilik-846760529/detay,satilik,2026-05-26T18:08:29.327597,
https://www.sahibinden.com/ilan/emlak-konut-satilik-mabeyn-den-havuzlu-guvenlikli-site-ici-3-plus1-ultra-luks-daire-1310896730/detay,satilik,2026-05-26T18:08:29.330208,
https://www.sahibinden.com/ilan/emlak-konut-satilik-pegaas-tan-universite-mah-iskanli-bos-bahce-kat-satilik-daire-1318661594/detay,satilik,2026-05-26T18:08:29.332294,
https://www.sahibinden.com/ilan/emlak-konut-satilik-basaksehir-alemara-projesinde-satilik-3-plus1-daire-1315930636/detay,satilik,2026-05-26T18:08:29.334482,
https://www.sahibinden.com/ilan/emlak-konut-satilik-lunox-tan-yuksek-kredili-yenilenmis-2-plus1-daire-arac-takasli-1303676341/detay,satilik,2026-05-26T18:08:29.337616,
https://www.sahibinden.com/ilan/emlak-konut-satilik-ravel-yapi-beylikduzu-nde-kisa-kat-yeni-3-plus1-arakat-daire-1298219748/detay,satilik,2026-05-26T18:08:29.340145,
"https://www.sahibinden.com/ilan/emlak-konut-satilik-cadde-ye-yakin-balkonlu,asansorlu-sifir-2-plus1-100-m2-satilik-daire-1314194773/detay",satilik,2026-05-26T18:08:29.342719,
https://www.sahibinden.com/ilan/emlak-konut-satilik-80-kredi-imkaniyla-kacirilmayacak-2-plus1-arakat-1318663550/detay,satilik,2026-05-26T18:08:29.344984,
https://www.sahibinden.com/ilan/emlak-konut-satilik-bahcesehir-lokasyonunda-yatirima-oturuma-uygun-daire-1316949941/detay,satilik,2026-05-26T18:08:29.347136,
https://www.sahibinden.com/ilan/emlak-konut-satilik-doganarasli-bulvarinda-2-plus1-satilik-lux-daire-1318178195/detay,satilik,2026-05-26T18:08:29.349002,
https://www.sahibinden.com/ilan/emlak-konut-satilik-cok-uygun-satilik-kacirilmayacak-firsat-son-3-sb2f-var-351-acik-kapali-otopark-846825205/detay,satilik,2026-05-26T18:08:29.350740,
https://www.sahibinden.com/ilan/emlak-konut-satilik-bahcesehir-konumunda-yatirimlik-2-plus1-bos-iskanli-daire-1318041565/detay,satilik,2026-05-26T18:08:29.353606,
https://www.sahibinden.com/ilan/emlak-konut-satilik-esenyurt-kizilay-binasina-meydana-2-dk-yurume-mesafesinde-2-plus1-1311416714/detay,satilik,2026-05-26T18:08:29.356181,
https://www.sahibinden.com/ilan/emlak-konut-satilik-bahcesehir-de-bohem-tarzda-dekore-edilmis-3-plus1-luks-daire-1303054221/detay,satilik,2026-05-26T18:08:29.358016,
https://www.sahibinden.com/ilan/emlak-konut-satilik-yuksek-giris-ayarinda-ferah-2-plus1-bahce-kat-1318217733/detay,satilik,2026-05-26T18:08:29.360190,
https://www.sahibinden.com/ilan/emlak-konut-satilik-beylikduzu-nde-haftanin-firsat-dairesi-2-plus1-kacirilmaz-fiyata-1318406694/detay,satilik,2026-05-26T18:08:29.361843,
https://www.sahibinden.com/ilan/emlak-konut-satilik-bahcesehir-konumunda-satilik-sifir-3-plus1-tek-daire-uzerine-1309868114/detay,satilik,2026-05-26T18:08:29.363631,
https://www.sahibinden.com/ilan/emlak-konut-satilik-metrobus-yani-site-ici-2-plus1-daire-90m2-net-1313267951/detay,satilik,2026-05-26T18:08:29.365603,
https://www.sahibinden.com/ilan/emlak-konut-satilik-merkez-mahallesinde-sifir-90-krediye-uygun-satilik-arakat-2-plus1-1316549978/detay,satilik,2026-05-26T18:08:29.367357,
https://www.sahibinden.com/ilan/emlak-konut-satilik-hem-yatirima-hem-de-konforlu-bir-yasama-uygun-satilik-3.5-plus1-1309152420/detay,satilik,2026-05-26T18:08:29.370514,
https://www.sahibinden.com/ilan/emlak-konut-satilik-blue-garden-samandira-sitesinde-kapali-otoparkli-ebv-banyolu-3-plus1-1296112964/detay,satilik,2026-05-26T18:08:29.373643,
https://www.sahibinden.com/ilan/emlak-konut-satilik-guvener-den-villa-tadinda-mustakil-kis-bahceli-2-plus1-bahce-kati-1305004178/detay,satilik,2026-05-26T18:08:29.375229,
https://www.sahibinden.com/ilan/emlak-konut-satilik-aydinlik-ve-genis-yasam-alani-sunan-masrafsiz-daire-1318021157/detay,satilik,2026-05-26T18:08:29.376514,
https://www.sahibinden.com/ilan/emlak-konut-satilik-metro-projesine-yakin-sifir-3-plus1-satilik-kacirilmayacak-daire-1311400482/detay,satilik,2026-05-26T18:08:29.378212,
https://www.sahibinden.com/ilan/emlak-konut-satilik-lacivert-kartalin-incisi-deniz-manzarali-kat-mulkiyetli-2-plus1-1316089354/detay,satilik,2026-05-26T18:08:29.379802,
https://www.sahibinden.com/ilan/emlak-konut-satilik-eskule-sokaginda-80-eminevim-fuzulevim-uygun-sifir-3-plus1-daireler-1318193336/detay,satilik,2026-05-26T18:08:29.381289,
https://www.sahibinden.com/ilan/emlak-konut-satilik-his-gayrimenkul-den-marmaraya-yakin-on-cephe-ara-kat-2-plus1-75m2-1312043633/detay,satilik,2026-05-26T18:08:29.382825,
https://www.sahibinden.com/ilan/emlak-konut-satilik-beylikduzu-bess-ten-giyinme-odali-luks-3-plus1-firsati-1260912579/detay,satilik,2026-05-26T18:08:29.384154,
https://www.sahibinden.com/ilan/emlak-konut-satilik-bu-haftaya-ozel-havuzlu-guvenlikli-satilik-siteici-1-plus1-daire-1314168410/detay,satilik,2026-05-26T18:08:29.386374,
https://www.sahibinden.com/ilan/emlak-konut-satilik-oz-yapi-gyo-dan-adnankahveci-merkezinde-ara-kat-satilik-2-plus1-1311673376/detay,satilik,2026-05-26T18:08:29.388831,
"https://www.sahibinden.com/ilan/emlak-konut-satilik-ada-dan-aydinevler-de-metroya-yakin,teras-kullanimli-3-plus2-dublex-1318657808/detay",satilik,2026-05-26T18:08:29.390658,
https://www.sahibinden.com/ilan/emlak-konut-satilik-beylikduzu-baris-mah-metrobuse-3-dk-yurume-3-plus1-satilik-daire-1259440164/detay,satilik,2026-05-26T18:08:29.393172,
https://www.sahibinden.com/ilan/emlak-konut-satilik-mabeyn-den-guvenlikli-havuzlu-site-ici-2-plus1-sifir-luks-daire-1174203451/detay,satilik,2026-05-26T18:08:29.395315,
https://www.sahibinden.com/ilan/emlak-konut-satilik-kozyatagi-baytur-adalar-manzarali-1-plus1-satilik-daire-buyuk-bos-1158602741/detay,satilik,2026-05-26T18:08:29.397194,
https://www.sahibinden.com/ilan/emlak-konut-satilik-beylikduzu-asriva-yapi-dan-adnan-kahveci-de-lux-2-plus1-firsat-daire-1316869006/detay,satilik,2026-05-26T18:08:29.398965,
https://www.sahibinden.com/ilan/emlak-konut-satilik-metrobuse-yurume-mesafesi-avm-komsu-dekorlu-2-plus1-satilik-daire-1310665766/detay,satilik,2026-05-26T18:08:29.400718,
https://www.sahibinden.com/ilan/emlak-konut-satilik-guzel-city-kavakli-merkez-satilik-4-plus2-dubleks-havuzlu-site-de-1316686710/detay,satilik,2026-05-26T18:08:29.403014,
https://www.sahibinden.com/ilan/emlak-konut-satilik-acil-satilik-daire-metrobuse-10-dk-yurume-mesafesinde-1314533508/detay,satilik,2026-05-26T18:08:29.404711,
https://www.sahibinden.com/ilan/emlak-konut-satilik-sembol-gayrimenkul-den-nlogo-nun-en-iyi-1-plus1i-85m2-genis-balkon-1318654626/detay,satilik,2026-05-26T18:08:29.406690,
https://www.sahibinden.com/ilan/emlak-konut-satilik-siem-den-adnan-kahveci-de-avrupa-cd-uzerinde-2-plus1-firsat-daire-1316677881/detay,satilik,2026-05-26T18:08:29.408308,
https://www.sahibinden.com/ilan/emlak-konut-satilik-metrobuse-4-dk-yurume-guvenlikli-site-ici-2-plus1-satilik-daire-1315210578/detay,satilik,2026-05-26T18:08:29.409829,
https://www.sahibinden.com/ilan/emlak-konut-satilik-ravel-yapi-35-pesin-36ay-faizsiz-vade-imkani-ile-luks-proje-1307721641/detay,satilik,2026-05-26T18:08:29.411230,
https://www.sahibinden.com/ilan/emlak-konut-satilik-yuce-den-ismetpasa-mah-sinde-satilik-yuksek-giris-daire-1315901933/detay,satilik,2026-05-26T18:08:29.413198,
https://www.sahibinden.com/ilan/emlak-konut-satilik-metrobuse-2-dk-yurume-mesafesi-site-ici-genis-3-plus1-satilik-daire-1315572209/detay,satilik,2026-05-26T18:08:29.414927,
https://www.sahibinden.com/ilan/emlak-konut-satilik-full-donanimli-site-icerisinde-metrobuse-yakin-2-plus1-satilik-daire-1311513611/detay,satilik,2026-05-26T18:08:29.416221,
https://www.sahibinden.com/ilan/emlak-konut-satilik-beylikduzu-safadan-manzarali-ferah-vadiye-cephe-2-balkonlu-2-plus1-1316540847/detay,satilik,2026-05-26T18:08:29.418085,
https://www.sahibinden.com/ilan/emlak-konut-satilik-site-icerisinde-metrobuse-yurume-mesafesinde-1-plus1-satilik-daire-1310980061/detay,satilik,2026-05-26T18:08:29.420290,
https://www.sahibinden.com/ilan/emlak-konut-satilik-site-icerisinde-genis-ailelere-ozel-3-plus1-satilik-daire-1311678701/detay,satilik,2026-05-26T18:08:29.422288,
https://www.sahibinden.com/ilan/emlak-konut-satilik-kucukyali-mektep-caddesinde-2-plus1-sifir-luks-daire-1293333153/detay,satilik,2026-05-26T18:08:29.424044,
https://www.sahibinden.com/ilan/emlak-konut-satilik-beylikduzu-nde-villa-tadinda-kis-bahceli-2-plus1-dekorlu-satilik-1312486994/detay,satilik,2026-05-26T18:08:29.425629,
https://www.sahibinden.com/ilan/emlak-konut-satilik-cift-terasli-manzarali-merkezi-yerde-arsa-tapulu-1315886708/detay,satilik,2026-05-26T18:08:29.426881,
https://www.sahibinden.com/ilan/emlak-konut-satilik-bulunmaz-firsat-deniz-manzarali-cift-balkonlu-3-plus1-satilik-daire-1289823679/detay,satilik,2026-05-26T18:08:29.428263,
https://www.sahibinden.com/ilan/emlak-konut-satilik-kw-emin-bahcesehir-spradon-evler-tadilatli-4-plus1-bahce-dubleks-1300699293/detay,satilik,2026-05-26T18:08:29.429840,
https://www.sahibinden.com/ilan/emlak-konut-satilik-asriva-dan-hem-yatirima-hem-oturuma-uygun-deniz-manzarali-3-plus1-1316833082/detay,satilik,2026-05-26T18:08:29.431427,
https://www.sahibinden.com/ilan/emlak-konut-satilik-beylikduzu-asriva-yapi-dan-adnan-kahveci-de-lux-2-plus1-firsat-daire-1316828539/detay,satilik,2026-05-26T18:08:29.432784,
https://www.sahibinden.com/ilan/emlak-konut-satilik-penthouse-gayrimenkul-den-aciliyetten-piyasanin-altinda-1309909937/detay,satilik,2026-05-26T18:08:29.434930,
https://www.sahibinden.com/ilan/emlak-konut-satilik-site-icinde-guvenlikli-plus-havuzlu-3-plus1-genis-160m2-acil-satilik-1314390898/detay,satilik,2026-05-26T18:08:29.437546,
https://www.sahibinden.com/ilan/emlak-konut-satilik-metrobuse-10-dk-guvenlikli-plus-havuzlu-1-plus1-site-ici-daire-1313961148/detay,satilik,2026-05-26T18:08:29.439515,
https://www.sahibinden.com/ilan/emlak-konut-satilik-beylikduzu-nde-havuzlu-guvenlikli-ferah-4-plus2-hamamli-dublex-1262695577/detay,satilik,2026-05-26T18:08:29.441219,
https://www.sahibinden.com/ilan/emlak-konut-satilik-venezia-da-yuksek-kat-esyali-satilik-2-plus1-1315854615/detay,satilik,2026-05-26T18:08:29.443220,
"https://www.sahibinden.com/ilan/emlak-konut-satilik-serifali-canan-residence,serefiyeli-cephe,firsat-satilik-bos-1-plus1-1315839571/detay",satilik,2026-05-26T18:08:29.444804,
https://www.sahibinden.com/ilan/emlak-konut-satilik-bahcelievler-delihuseyin-pasa-3-plus1-yeni-bina-satilik-1295801780/detay,satilik,2026-05-26T18:08:29.446216,
