listing_url,listing_type,scraped_at,price,title,district,neighbourhood,address,PropertyType,GrossSquareMeters,HallSquareMeters,NumberOfRooms,BuildingAge,FloorLocation,NumberFloorsofBuilding,HeatingType,NumberOfBathrooms,KitchenType,Balcony,Elevator,Parking,ItemStatus,UsingStatus,SiteName,Subscription,CreditEligibility,EnergyRating,TitleStatus,FromWhom,Swap,extra_yeni_liste,extra_belirlediğim_fiyatın_altına_düşünce_bild,extra_e_posta_bildirimi,extra_i_lan_no,extra_i_lan_tarihi,extra_site_i_çerisinde,extra_muhammet_ö_,extra_i_lanın_yayınlandığı_fiyat,extra_i_ş,extra_cep,extra_sahibinden_com_android_veya_ios_mobil_uy,extra_fiyat_tarihçesi,extra______fiyatı_şu_anki_fiyatı,extra_7_24_müşteri_hizmetleri,extra_yardım_merkezi,description,extra_filiz_çetinkaya,extra_net_kullanım_alanı,extra_brüt_kullanım_alanı,extra_mutfak_tipi,extra_zeminler,extra_i_ç_detaylar,extra_yalıtım,extra_boyalı,extra_site_tipi,extra_güvenlik,extra_sosyal_alanlar,extra_diğer,extra_lokasyon,extra_yakın_çevre,extra_ulaşım,extra_merkezi_konum,extra_eğitim_kurumları,extra_sağlık_kurumları,extra_alışveriş___sosyal,extra_emrah_kahraman,extra_atakan_gönül,extra_gülnur_çakırcı,extra_selin_rende,extra_engin_ö_,extra_nuran_kalaç,extra_i_brahim_güzel,extra_ertuğrul_akmeşe,extra_nazmi_saz,extra_sedat_duman,extra_selim_ç_,extra_gökhan_g_,extra_faruk_güzel,extra_burhan_i_stanbul,extra_asiye_ç_,extra_zeki_saka,extra_okan_özgür,extra_bülent_erdoğdu,extra_muhammet_i_nan,extra_özge_keklik
https://www.sahibinden.com/ilan/emlak-konut-satilik-vefa-group-insaat-tan-ugur-mumcu-mah-satilik-3-plus1-daireler-1317301132/detay,satilik,2026-05-26T23:59:08.840605,7.450.000 TL,VEFA GROUP İNŞAAT'TAN UĞUR MUMCU MAH. SATILIK 3+1 DAİRELER,Yatay,Dikey,"Favori Aramalarım, Size Özel İlanlar, Karşılaştır, Favori Aramalarım'a Git, Vazgeç, Karşılaştır, Tüm ilanları, Favori Satıcılarıma ekle, Dolu, Boş, Yatay, Dikey",Satılık Daire,120,110,3+1,0 (Yapım Aşamasında),3,5,Yerden Isıtma,1,Kapalı,Var,Var,Yok,Hayır,Boş,Belirtilmemiş,Belirtilmemiş,Hayır,A,Kat İrtifaklı,Emlak Ofisinden,Evet,"Favorilerime Ekle Favorilerimden Çıkar Favori listeme kaydet Yeni liste oluştur Kaydet İlan Favori Listenize Eklendi Bu ilana ait bundan sonraki fiyat değişimlerini görüntüleyebilirsiniz. Nasıl görüntülerim? Fiyat bildirimlerini güncelle Fiyat bildirimleri Bildirim Türü Fiyat her düştüğünde bildir Belirlediğim fiyatın altına düşünce bildir Mevcut fiyat (TL) Belirlediğim fiyat (TL) Belirlediğiniz fiyatı girin. Mevcut fiyattan daha düşük bir değer girmelisiniz. Fiyat bildirimlerini sessize al Bildirim Kanalı E-posta bildirimi Mobil bildirimi En az bir bildirim kanalı seçmelisiniz. Bildirim ayarlarını güncellemek için Favoriler > Favori İlanlar menüsüne giderek listenizdeki ilgili ilanın sağ tarafındaki üç noktaya tıklayın, ""Fiyat bildirimlerini güncelle""yi seçin. Vazgeç Kaydet İlan, favorilerinize eklendi. "" "" listenize eklenen bu ilana ait değişimleri takip edebilirsiniz. Fiyat her düştüğünde veya belirleyeceğiniz fiyatın altına düştüğünde bildirim almayı tercih edebilirsiniz. Belirlediğim fiyatın altına düşünce bildir Her zaman bildir Fiyat bildirimleri Favoriye eklediğiniz ilandaki fiyat her düştüğünde sizi bilgilendireceğiz. Favoriye eklediğiniz ilandaki fiyat belirlediğiniz fiyatın altına düştüğünde sizi bilgilendireceğiz. Favoriye eklediğiniz ilandaki fiyat bildirimleri sessize alındı. İlan, favorilerinize kaydedilemedi. Favori ilanlara toplamda 250 ilan kaydedilebilir, daha fazla ilan kaydedemezsiniz. Bana Özel > Favori İlanlar sayfasından favori ilanlarınızı düzenleyebilirsiniz. Vazgeç Favori İlanlara Git İlan, favorilerinize kaydedilemedi Favori İlanlara toplamda 250 ilan kaydedilebilir, daha fazla ilan kaydedemezsiniz. Bana Özel > Favori İlanlar sayfasından favori ilanlarınızı düzenleyebilirsiniz. Vazgeç Favori İlanlara Git",Mevcut fiyat (TL) Belirlediğim fiyat (TL) Belirlediğiniz fiyatı girin. Mevcut fiyattan daha düşük bir değer girmelisiniz.,Günlük Bildirim Ayarları Mobil Bildirim,1317301132,26 Mayıs 2026,Hayır,Favori Satıcı Adı,Favoriye Eklendiğindeki Fiyat,0 (212) 619 98 87,0 (533) 916 89 73,"Bana Özel > Diğer > QR işlemleri > QR kod ile web'e giriş yap menüsüne gidin, ekrandaki QR kodu okutun.","{{}} Fiyatı Şu Anki
Fiyatı İlanlardaki fiyatlar ilanı giren kullanıcı tarafından belirlenmekte olup, sahibinden.com'un fiyatlara herhangi bir müdahalesi bulunmamaktadır. İlanın Yayınlandığı
Fiyat Favoriye Eklendiğindeki Fiyat Tüm Fiyat Değişimlerini Gör","İlanlardaki fiyatlar ilanı giren kullanıcı tarafından belirlenmekte olup, sahibinden.com'un fiyatlara herhangi bir müdahalesi bulunmamaktadır.",0 850 222 44 44,yardim.sahibinden.com,Cephe Batı Doğu Güney Kuzey İç Özellikler ADSL Ahşap Doğrama Akıllı Ev Alarm (Hırsız) Alarm (Yangın) Alaturka Tuvalet Alüminyum Doğrama Amerikan Kapı Ankastre Fırın Barbekü Beyaz Eşya Boyalı Bulaşık Makinesi Buzdolabı Çamaşır Kurutma Makinesi Çamaşır Makinesi Çamaşır Odası Çelik Kapı Duşakabin Duvar Kağıdı Ebeveyn Banyosu Fırın Fiber İnternet Giyinme Odası Gömme Dolap Görüntülü Diyafon Hilton Banyo Intercom Sistemi Isıcam Jakuzi Kapalı / Cam Balkon Kartonpiyer Kiler Klima Küvet Laminat Zemin Marley Mobilya Mutfak (Ankastre) Mutfak (Laminat) Mutfak Doğalgazı Panjur/Jaluzi Parke Zemin PVC Doğram,,,,,,,,,,,,,,,,,,,,,,,,,,,,,,,,,,,,,,,
https://www.sahibinden.com/ilan/emlak-konut-satilik-beylikduzu-yasam-vadisine-3dk-kisa-katli-2-plus1-satilik-daire-1316314651/detay,satilik,2026-05-26T23:59:27.934981,5.450.000 TL,BEYLİKDÜZÜ YAŞAM VADİSİNE 3DK KISA KATLI 2+1 SATILIK DAİRE,Yatay,Dikey,"Favori Aramalarım, Size Özel İlanlar, Karşılaştır, Favori Aramalarım'a Git, Vazgeç, Karşılaştır, Tüm ilanları, Favori Satıcılarıma ekle, Dolu, Boş, Yatay, Dikey",Satılık Daire,85,75,2+1,6-10 arası,1,5,Kombi (Doğalgaz),1,Açık (Amerikan),Var,Var,Açık & Kapalı Otopark,Hayır,Mülk Sahibi,Siena House,Belirtilmemiş,Evet,Belirtilmemiş,Kat Mülkiyetli,Emlak Ofisinden,Evet,"Favorilerime Ekle Favorilerimden Çıkar Favori listeme kaydet Yeni liste oluştur Kaydet İlan Favori Listenize Eklendi Bu ilana ait bundan sonraki fiyat değişimlerini görüntüleyebilirsiniz. Nasıl görüntülerim? Fiyat bildirimlerini güncelle Fiyat bildirimleri Bildirim Türü Fiyat her düştüğünde bildir Belirlediğim fiyatın altına düşünce bildir Mevcut fiyat (TL) Belirlediğim fiyat (TL) Belirlediğiniz fiyatı girin. Mevcut fiyattan daha düşük bir değer girmelisiniz. Fiyat bildirimlerini sessize al Bildirim Kanalı E-posta bildirimi Mobil bildirimi En az bir bildirim kanalı seçmelisiniz. Bildirim ayarlarını güncellemek için Favoriler > Favori İlanlar menüsüne giderek listenizdeki ilgili ilanın sağ tarafındaki üç noktaya tıklayın, ""Fiyat bildirimlerini güncelle""yi seçin. Vazgeç Kaydet İlan, favorilerinize eklendi. "" "" listenize eklenen bu ilana ait değişimleri takip edebilirsiniz. Fiyat her düştüğünde veya belirleyeceğiniz fiyatın altına düştüğünde bildirim almayı tercih edebilirsiniz. Belirlediğim fiyatın altına düşünce bildir Her zaman bildir Fiyat bildirimleri Favoriye eklediğiniz ilandaki fiyat her düştüğünde sizi bilgilendireceğiz. Favoriye eklediğiniz ilandaki fiyat belirlediğiniz fiyatın altına düştüğünde sizi bilgilendireceğiz. Favoriye eklediğiniz ilandaki fiyat bildirimleri sessize alındı. İlan, favorilerinize kaydedilemedi. Favori ilanlara toplamda 250 ilan kaydedilebilir, daha fazla ilan kaydedemezsiniz. Bana Özel > Favori İlanlar sayfasından favori ilanlarınızı düzenleyebilirsiniz. Vazgeç Favori İlanlara Git İlan, favorilerinize kaydedilemedi Favori İlanlara toplamda 250 ilan kaydedilebilir, daha fazla ilan kaydedemezsiniz. Bana Özel > Favori İlanlar sayfasından favori ilanlarınızı düzenleyebilirsiniz. Vazgeç Favori İlanlara Git",Mevcut fiyat (TL) Belirlediğim fiyat (TL) Belirlediğiniz fiyatı girin. Mevcut fiyattan daha düşük bir değer girmelisiniz.,Günlük Bildirim Ayarları Mobil Bildirim,1316314651,26 Mayıs 2026,Evet,,Favoriye Eklendiğindeki Fiyat,0 (212) 812 07 12,0 (533) 612 03 85,"Bana Özel > Diğer > QR işlemleri > QR kod ile web'e giriş yap menüsüne gidin, ekrandaki QR kodu okutun.","{{}} Fiyatı Şu Anki
Fiyatı İlanlardaki fiyatlar ilanı giren kullanıcı tarafından belirlenmekte olup, sahibinden.com'un fiyatlara herhangi bir müdahalesi bulunmamaktadır. İlanın Yayınlandığı
Fiyat Favoriye Eklendiğindeki Fiyat Tüm Fiyat Değişimlerini Gör","İlanlardaki fiyatlar ilanı giren kullanıcı tarafından belirlenmekte olup, sahibinden.com'un fiyatlara herhangi bir müdahalesi bulunmamaktadır.",0 850 222 44 44,yardim.sahibinden.com,Cephe Batı Doğu Güney Kuzey İç Özellikler ADSL Ahşap Doğrama Akıllı Ev Alarm (Hırsız) Alarm (Yangın) Alaturka Tuvalet Alüminyum Doğrama Amerikan Kapı Ankastre Fırın Barbekü Beyaz Eşya Boyalı Bulaşık Makinesi Buzdolabı Çamaşır Kurutma Makinesi Çamaşır Makinesi Çamaşır Odası Çelik Kapı Duşakabin Duvar Kağıdı Ebeveyn Banyosu Fırın Fiber İnternet Giyinme Odası Gömme Dolap Görüntülü Diyafon Hilton Banyo Intercom Sistemi Isıcam Jakuzi Kapalı / Cam Balkon Kartonpiyer Kiler Klima Küvet Laminat Zemin Marley Mobilya Mutfak (Ankastre) Mutfak (Laminat) Mutfak Doğalgazı Panjur/Jaluzi Parke Zemin PVC Doğram,Favori Satıcı Adı,75 m²,85 m²,Açık Mutfak (Amerikan Mutfak),Laminat ve Seramik Zemin,"Kartonpiyer, Duvar Kağıdı, Vestiyer, Çelik Kapı, Amerikan Kapı, Isıcam, PVC Doğrama",Isı ve Ses Yalıtımı,Evet,Kısa Katlı Butik Site,"Kamera Sistemi, Görüntülü Diyafon, Jeneratör, Hidrofor, Su Deposu","Çocuk Parkı, Kamelya, Spor Salonu",Apartman Görevlisi,"Beylikdüzü Adnan Kahveci Mahallesi, Siena House Sitesi",Yaşam Vadisi'ne ve Kapalı Pazar'a yürüme mesafesinde,"Otobüs Durağı, Dolmuş, Minibüs, Metro (yakın gelecekte)","Şehir Merkezine, Caddeye yakın","İlkokul, Ortaokul, Lise, Üniversite, Sağlık Ocağı","Hastane, Eczane","Market, Alışveriş Merkezi, Fuar, Eğlence Merkezi",,,,,,,,,,,,,,,,,,,,
"https://www.sahibinden.com/ilan/emlak-konut-satilik-mavera-comfort-bos-satilik-4,5-plus1-daire-202m2-buyuk-tip-1305015723/detay",satilik,2026-05-26T23:59:47.062692,18.000.000 TL,"MAVERA COMFORT | BOŞ Satılık 4,5+1 Daire 202M2 Büyük Tip",Yatay,Dikey,"Favori Aramalarım, Size Özel İlanlar, Karşılaştır, Favori Aramalarım'a Git, Vazgeç, Karşılaştır, Tüm ilanları, Favori Satıcılarıma ekle, Dolu, Boş, Yatay, Dikey",Satılık Daire,202,150,4.5+1,2,2,8,Merkezi (Pay Ölçer),2,Kapalı,Var,Var,Açık & Kapalı Otopark,Hayır,Mülk Sahibi,Mavera Comfort,Belirtilmemiş,Evet,Belirtilmemiş,Kat Mülkiyetli,Emlak Ofisinden,Hayır,"Favorilerime Ekle Favorilerimden Çıkar Favori listeme kaydet Yeni liste oluştur Kaydet İlan Favori Listenize Eklendi Bu ilana ait bundan sonraki fiyat değişimlerini görüntüleyebilirsiniz. Nasıl görüntülerim? Fiyat bildirimlerini güncelle Fiyat bildirimleri Bildirim Türü Fiyat her düştüğünde bildir Belirlediğim fiyatın altına düşünce bildir Mevcut fiyat (TL) Belirlediğim fiyat (TL) Belirlediğiniz fiyatı girin. Mevcut fiyattan daha düşük bir değer girmelisiniz. Fiyat bildirimlerini sessize al Bildirim Kanalı E-posta bildirimi Mobil bildirimi En az bir bildirim kanalı seçmelisiniz. Bildirim ayarlarını güncellemek için Favoriler > Favori İlanlar menüsüne giderek listenizdeki ilgili ilanın sağ tarafındaki üç noktaya tıklayın, ""Fiyat bildirimlerini güncelle""yi seçin. Vazgeç Kaydet İlan, favorilerinize eklendi. "" "" listenize eklenen bu ilana ait değişimleri takip edebilirsiniz. Fiyat her düştüğünde veya belirleyeceğiniz fiyatın altına düştüğünde bildirim almayı tercih edebilirsiniz. Belirlediğim fiyatın altına düşünce bildir Her zaman bildir Fiyat bildirimleri Favoriye eklediğiniz ilandaki fiyat her düştüğünde sizi bilgilendireceğiz. Favoriye eklediğiniz ilandaki fiyat belirlediğiniz fiyatın altına düştüğünde sizi bilgilendireceğiz. Favoriye eklediğiniz ilandaki fiyat bildirimleri sessize alındı. İlan, favorilerinize kaydedilemedi. Favori ilanlara toplamda 250 ilan kaydedilebilir, daha fazla ilan kaydedemezsiniz. Bana Özel > Favori İlanlar sayfasından favori ilanlarınızı düzenleyebilirsiniz. Vazgeç Favori İlanlara Git İlan, favorilerinize kaydedilemedi Favori İlanlara toplamda 250 ilan kaydedilebilir, daha fazla ilan kaydedemezsiniz. Bana Özel > Favori İlanlar sayfasından favori ilanlarınızı düzenleyebilirsiniz. Vazgeç Favori İlanlara Git",Mevcut fiyat (TL) Belirlediğim fiyat (TL) Belirlediğiniz fiyatı girin. Mevcut fiyattan daha düşük bir değer girmelisiniz.,Günlük Bildirim Ayarları Mobil Bildirim,1305015723,26 Mayıs 2026,Evet,,Favoriye Eklendiğindeki Fiyat,,0 (501) 355 20 89,"Bana Özel > Diğer > QR işlemleri > QR kod ile web'e giriş yap menüsüne gidin, ekrandaki QR kodu okutun.","{{}} Fiyatı Şu Anki
Fiyatı İlanlardaki fiyatlar ilanı giren kullanıcı tarafından belirlenmekte olup, sahibinden.com'un fiyatlara herhangi bir müdahalesi bulunmamaktadır. İlanın Yayınlandığı
Fiyat Favoriye Eklendiğindeki Fiyat Tüm Fiyat Değişimlerini Gör","İlanlardaki fiyatlar ilanı giren kullanıcı tarafından belirlenmekte olup, sahibinden.com'un fiyatlara herhangi bir müdahalesi bulunmamaktadır.",0 850 222 44 44,yardim.sahibinden.com,Cephe Batı Doğu Güney Kuzey İç Özellikler ADSL Ahşap Doğrama Akıllı Ev Alarm (Hırsız) Alarm (Yangın) Alaturka Tuvalet Alüminyum Doğrama Amerikan Kapı Ankastre Fırın Barbekü Beyaz Eşya Boyalı Bulaşık Makinesi Buzdolabı Çamaşır Kurutma Makinesi Çamaşır Makinesi Çamaşır Odası Çelik Kapı Duşakabin Duvar Kağıdı Ebeveyn Banyosu Fırın Fiber İnternet Giyinme Odası Gömme Dolap Görüntülü Diyafon Hilton Banyo Intercom Sistemi Isıcam Jakuzi Kapalı / Cam Balkon Kartonpiyer Kiler Klima Küvet Laminat Zemin Marley Mobilya Mutfak (Ankastre) Mutfak (Laminat) Mutfak Doğalgazı Panjur/Jaluzi Parke Zemin PVC Doğram,,,,,,,,,,,,,,,,,,,,Favori Satıcı Adı,,,,,,,,,,,,,,,,,,,
https://www.sahibinden.com/ilan/emlak-konut-satilik-beylikduzu-adnan-kahvecide-3-plus1-150-m2-luks-daire-1316285063/detay,satilik,2026-05-27T00:00:05.875725,12.500.000 TL,BEYLİKDÜZÜ ADNAN KAHVECİDE 3+1 150 M2 LÜKS DAİRE,Yatay,Dikey,"Favori Aramalarım, Size Özel İlanlar, Karşılaştır, Favori Aramalarım'a Git, Vazgeç, Karşılaştır, Tüm ilanları, Favori Satıcılarıma ekle, Dolu, Boş, Yatay, Dikey",Satılık Daire,175,150,3+1,6-10 arası,5,6,Merkezi (Pay Ölçer),2,Kapalı,Var,Var,Kapalı Otopark,Hayır,Mülk Sahibi,Prestij 2,4.000,Evet,Belirtilmemiş,Kat Mülkiyetli,Emlak Ofisinden,Hayır,"Favorilerime Ekle Favorilerimden Çıkar Favori listeme kaydet Yeni liste oluştur Kaydet İlan Favori Listenize Eklendi Bu ilana ait bundan sonraki fiyat değişimlerini görüntüleyebilirsiniz. Nasıl görüntülerim? Fiyat bildirimlerini güncelle Fiyat bildirimleri Bildirim Türü Fiyat her düştüğünde bildir Belirlediğim fiyatın altına düşünce bildir Mevcut fiyat (TL) Belirlediğim fiyat (TL) Belirlediğiniz fiyatı girin. Mevcut fiyattan daha düşük bir değer girmelisiniz. Fiyat bildirimlerini sessize al Bildirim Kanalı E-posta bildirimi Mobil bildirimi En az bir bildirim kanalı seçmelisiniz. Bildirim ayarlarını güncellemek için Favoriler > Favori İlanlar menüsüne giderek listenizdeki ilgili ilanın sağ tarafındaki üç noktaya tıklayın, ""Fiyat bildirimlerini güncelle""yi seçin. Vazgeç Kaydet İlan, favorilerinize eklendi. "" "" listenize eklenen bu ilana ait değişimleri takip edebilirsiniz. Fiyat her düştüğünde veya belirleyeceğiniz fiyatın altına düştüğünde bildirim almayı tercih edebilirsiniz. Belirlediğim fiyatın altına düşünce bildir Her zaman bildir Fiyat bildirimleri Favoriye eklediğiniz ilandaki fiyat her düştüğünde sizi bilgilendireceğiz. Favoriye eklediğiniz ilandaki fiyat belirlediğiniz fiyatın altına düştüğünde sizi bilgilendireceğiz. Favoriye eklediğiniz ilandaki fiyat bildirimleri sessize alındı. İlan, favorilerinize kaydedilemedi. Favori ilanlara toplamda 250 ilan kaydedilebilir, daha fazla ilan kaydedemezsiniz. Bana Özel > Favori İlanlar sayfasından favori ilanlarınızı düzenleyebilirsiniz. Vazgeç Favori İlanlara Git İlan, favorilerinize kaydedilemedi Favori İlanlara toplamda 250 ilan kaydedilebilir, daha fazla ilan kaydedemezsiniz. Bana Özel > Favori İlanlar sayfasından favori ilanlarınızı düzenleyebilirsiniz. Vazgeç Favori İlanlara Git",Mevcut fiyat (TL) Belirlediğim fiyat (TL) Belirlediğiniz fiyatı girin. Mevcut fiyattan daha düşük bir değer girmelisiniz.,Günlük Bildirim Ayarları Mobil Bildirim,1316285063,26 Mayıs 2026,Evet,,Favoriye Eklendiğindeki Fiyat,,0 (536) 962 97 38,"Bana Özel > Diğer > QR işlemleri > QR kod ile web'e giriş yap menüsüne gidin, ekrandaki QR kodu okutun.","{{}} Fiyatı Şu Anki
Fiyatı İlanlardaki fiyatlar ilanı giren kullanıcı tarafından belirlenmekte olup, sahibinden.com'un fiyatlara herhangi bir müdahalesi bulunmamaktadır. İlanın Yayınlandığı
Fiyat Favoriye Eklendiğindeki Fiyat Tüm Fiyat Değişimlerini Gör","İlanlardaki fiyatlar ilanı giren kullanıcı tarafından belirlenmekte olup, sahibinden.com'un fiyatlara herhangi bir müdahalesi bulunmamaktadır.",0 850 222 44 44,yardim.sahibinden.com,Cephe Batı Doğu Güney Kuzey İç Özellikler ADSL Ahşap Doğrama Akıllı Ev Alarm (Hırsız) Alarm (Yangın) Alaturka Tuvalet Alüminyum Doğrama Amerikan Kapı Ankastre Fırın Barbekü Beyaz Eşya Boyalı Bulaşık Makinesi Buzdolabı Çamaşır Kurutma Makinesi Çamaşır Makinesi Çamaşır Odası Çelik Kapı Duşakabin Duvar Kağıdı Ebeveyn Banyosu Fırın Fiber İnternet Giyinme Odası Gömme Dolap Görüntülü Diyafon Hilton Banyo Intercom Sistemi Isıcam Jakuzi Kapalı / Cam Balkon Kartonpiyer Kiler Klima Küvet Laminat Zemin Marley Mobilya Mutfak (Ankastre) Mutfak (Laminat) Mutfak Doğalgazı Panjur/Jaluzi Parke Zemin PVC Doğram,,,,,,,,,,,,,,,,,,,,,Favori Satıcı Adı,,,,,,,,,,,,,,,,,,
"https://www.sahibinden.com/ilan/emlak-konut-satilik-satis-ofisinden-bankasiz,kefilsiz-vade-ile-yeni-evinize-tasinin-1304939327/detay",satilik,2026-05-27T00:00:25.386541,24.990.000 TL,"Satış Ofisinden Bankasız,Kefilsiz Vade ile Yeni evinize taşının",Yatay,Dikey,"Favori Aramalarım, Size Özel İlanlar, Karşılaştır, Favori Aramalarım'a Git, Vazgeç, Karşılaştır, Tüm ilanları, Favori Satıcılarıma ekle, Dolu, Boş, Yatay, Dikey",Satılık Daire,157,116,3+1,0 (Oturuma Hazır),1,18,Yerden Isıtma,2,Kapalı,Var,Var,Kapalı Otopark,Hayır,Boş,Narlı Bahçe Evleri,Belirtilmemiş,Evet,Belirtilmemiş,Kat Mülkiyetli,Emlak Ofisinden,Hayır,"Favorilerime Ekle Favorilerimden Çıkar Favori listeme kaydet Yeni liste oluştur Kaydet İlan Favori Listenize Eklendi Bu ilana ait bundan sonraki fiyat değişimlerini görüntüleyebilirsiniz. Nasıl görüntülerim? Fiyat bildirimlerini güncelle Fiyat bildirimleri Bildirim Türü Fiyat her düştüğünde bildir Belirlediğim fiyatın altına düşünce bildir Mevcut fiyat (TL) Belirlediğim fiyat (TL) Belirlediğiniz fiyatı girin. Mevcut fiyattan daha düşük bir değer girmelisiniz. Fiyat bildirimlerini sessize al Bildirim Kanalı E-posta bildirimi Mobil bildirimi En az bir bildirim kanalı seçmelisiniz. Bildirim ayarlarını güncellemek için Favoriler > Favori İlanlar menüsüne giderek listenizdeki ilgili ilanın sağ tarafındaki üç noktaya tıklayın, ""Fiyat bildirimlerini güncelle""yi seçin. Vazgeç Kaydet İlan, favorilerinize eklendi. "" "" listenize eklenen bu ilana ait değişimleri takip edebilirsiniz. Fiyat her düştüğünde veya belirleyeceğiniz fiyatın altına düştüğünde bildirim almayı tercih edebilirsiniz. Belirlediğim fiyatın altına düşünce bildir Her zaman bildir Fiyat bildirimleri Favoriye eklediğiniz ilandaki fiyat her düştüğünde sizi bilgilendireceğiz. Favoriye eklediğiniz ilandaki fiyat belirlediğiniz fiyatın altına düştüğünde sizi bilgilendireceğiz. Favoriye eklediğiniz ilandaki fiyat bildirimleri sessize alındı. İlan, favorilerinize kaydedilemedi. Favori ilanlara toplamda 250 ilan kaydedilebilir, daha fazla ilan kaydedemezsiniz. Bana Özel > Favori İlanlar sayfasından favori ilanlarınızı düzenleyebilirsiniz. Vazgeç Favori İlanlara Git İlan, favorilerinize kaydedilemedi Favori İlanlara toplamda 250 ilan kaydedilebilir, daha fazla ilan kaydedemezsiniz. Bana Özel > Favori İlanlar sayfasından favori ilanlarınızı düzenleyebilirsiniz. Vazgeç Favori İlanlara Git",Mevcut fiyat (TL) Belirlediğim fiyat (TL) Belirlediğiniz fiyatı girin. Mevcut fiyattan daha düşük bir değer girmelisiniz.,Günlük Bildirim Ayarları Mobil Bildirim,1304939327,26 Mayıs 2026,Evet,,Favoriye Eklendiğindeki Fiyat,0 (216) 527 19 00,0 (531) 947 64 90,"Bana Özel > Diğer > QR işlemleri > QR kod ile web'e giriş yap menüsüne gidin, ekrandaki QR kodu okutun.","{{}} Fiyatı Şu Anki
Fiyatı İlanlardaki fiyatlar ilanı giren kullanıcı tarafından belirlenmekte olup, sahibinden.com'un fiyatlara herhangi bir müdahalesi bulunmamaktadır. İlanın Yayınlandığı
Fiyat Favoriye Eklendiğindeki Fiyat Tüm Fiyat Değişimlerini Gör","İlanlardaki fiyatlar ilanı giren kullanıcı tarafından belirlenmekte olup, sahibinden.com'un fiyatlara herhangi bir müdahalesi bulunmamaktadır.",0 850 222 44 44,yardim.sahibinden.com,Cephe Batı Doğu Güney Kuzey İç Özellikler ADSL Ahşap Doğrama Akıllı Ev Alarm (Hırsız) Alarm (Yangın) Alaturka Tuvalet Alüminyum Doğrama Amerikan Kapı Ankastre Fırın Barbekü Beyaz Eşya Boyalı Bulaşık Makinesi Buzdolabı Çamaşır Kurutma Makinesi Çamaşır Makinesi Çamaşır Odası Çelik Kapı Duşakabin Duvar Kağıdı Ebeveyn Banyosu Fırın Fiber İnternet Giyinme Odası Gömme Dolap Görüntülü Diyafon Hilton Banyo Intercom Sistemi Isıcam Jakuzi Kapalı / Cam Balkon Kartonpiyer Kiler Klima Küvet Laminat Zemin Marley Mobilya Mutfak (Ankastre) Mutfak (Laminat) Mutfak Doğalgazı Panjur/Jaluzi Parke Zemin PVC Doğram,,,,,,,,,,,,,,,,,,,,,,Favori Satıcı Adı,,,,,,,,,,,,,,,,,
https://www.sahibinden.com/ilan/emlak-konut-satilik-four-seasons-private-residences-etiler-de-keyifli-satilik-daire-1256020314/detay,satilik,2026-05-27T00:00:44.134637,130.000.000 TL,FOUR SEASONS PRIVATE RESIDENCES ETİLER'DE KEYİFLİ SATILIK DAİRE,Yatay,Dikey,"Favori Aramalarım, Size Özel İlanlar, Karşılaştır, Favori Aramalarım'a Git, Vazgeç, Karşılaştır, Tüm ilanları, Favori Satıcılarıma ekle, Dolu, Boş, Yatay, Dikey",Satılık Daire,212,157,3+1,0 (Oturuma Hazır),1,7,Yerden Isıtma,2,Kapalı,Var,Var,Kapalı Otopark,Hayır,Boş,Belirtilmemiş,Belirtilmemiş,Hayır,Belirtilmemiş,Kat Mülkiyetli,Emlak Ofisinden,Hayır,"Favorilerime Ekle Favorilerimden Çıkar Favori listeme kaydet Yeni liste oluştur Kaydet İlan Favori Listenize Eklendi Bu ilana ait bundan sonraki fiyat değişimlerini görüntüleyebilirsiniz. Nasıl görüntülerim? Fiyat bildirimlerini güncelle Fiyat bildirimleri Bildirim Türü Fiyat her düştüğünde bildir Belirlediğim fiyatın altına düşünce bildir Mevcut fiyat (TL) Belirlediğim fiyat (TL) Belirlediğiniz fiyatı girin. Mevcut fiyattan daha düşük bir değer girmelisiniz. Fiyat bildirimlerini sessize al Bildirim Kanalı E-posta bildirimi Mobil bildirimi En az bir bildirim kanalı seçmelisiniz. Bildirim ayarlarını güncellemek için Favoriler > Favori İlanlar menüsüne giderek listenizdeki ilgili ilanın sağ tarafındaki üç noktaya tıklayın, ""Fiyat bildirimlerini güncelle""yi seçin. Vazgeç Kaydet İlan, favorilerinize eklendi. "" "" listenize eklenen bu ilana ait değişimleri takip edebilirsiniz. Fiyat her düştüğünde veya belirleyeceğiniz fiyatın altına düştüğünde bildirim almayı tercih edebilirsiniz. Belirlediğim fiyatın altına düşünce bildir Her zaman bildir Fiyat bildirimleri Favoriye eklediğiniz ilandaki fiyat her düştüğünde sizi bilgilendireceğiz. Favoriye eklediğiniz ilandaki fiyat belirlediğiniz fiyatın altına düştüğünde sizi bilgilendireceğiz. Favoriye eklediğiniz ilandaki fiyat bildirimleri sessize alındı. İlan, favorilerinize kaydedilemedi. Favori ilanlara toplamda 250 ilan kaydedilebilir, daha fazla ilan kaydedemezsiniz. Bana Özel > Favori İlanlar sayfasından favori ilanlarınızı düzenleyebilirsiniz. Vazgeç Favori İlanlara Git İlan, favorilerinize kaydedilemedi Favori İlanlara toplamda 250 ilan kaydedilebilir, daha fazla ilan kaydedemezsiniz. Bana Özel > Favori İlanlar sayfasından favori ilanlarınızı düzenleyebilirsiniz. Vazgeç Favori İlanlara Git",Mevcut fiyat (TL) Belirlediğim fiyat (TL) Belirlediğiniz fiyatı girin. Mevcut fiyattan daha düşük bir değer girmelisiniz.,Günlük Bildirim Ayarları Mobil Bildirim,1256020314,26 Mayıs 2026,Evet,,Favoriye Eklendiğindeki Fiyat,0 (212) 263 63 63,0 (530) 916 72 89,"Bana Özel > Diğer > QR işlemleri > QR kod ile web'e giriş yap menüsüne gidin, ekrandaki QR kodu okutun.","{{}} Fiyatı Şu Anki
Fiyatı İlanlardaki fiyatlar ilanı giren kullanıcı tarafından belirlenmekte olup, sahibinden.com'un fiyatlara herhangi bir müdahalesi bulunmamaktadır. İlanın Yayınlandığı
Fiyat Favoriye Eklendiğindeki Fiyat Tüm Fiyat Değişimlerini Gör","İlanlardaki fiyatlar ilanı giren kullanıcı tarafından belirlenmekte olup, sahibinden.com'un fiyatlara herhangi bir müdahalesi bulunmamaktadır.",0 850 222 44 44,yardim.sahibinden.com,Cephe Batı Doğu Güney Kuzey İç Özellikler ADSL Ahşap Doğrama Akıllı Ev Alarm (Hırsız) Alarm (Yangın) Alaturka Tuvalet Alüminyum Doğrama Amerikan Kapı Ankastre Fırın Barbekü Beyaz Eşya Boyalı Bulaşık Makinesi Buzdolabı Çamaşır Kurutma Makinesi Çamaşır Makinesi Çamaşır Odası Çelik Kapı Duşakabin Duvar Kağıdı Ebeveyn Banyosu Fırın Fiber İnternet Giyinme Odası Gömme Dolap Görüntülü Diyafon Hilton Banyo Intercom Sistemi Isıcam Jakuzi Kapalı / Cam Balkon Kartonpiyer Kiler Klima Küvet Laminat Zemin Marley Mobilya Mutfak (Ankastre) Mutfak (Laminat) Mutfak Doğalgazı Panjur/Jaluzi Parke Zemin PVC Doğram,,,,,,,,,,,,,,,,,,,,,,,Favori Satıcı Adı,,,,,,,,,,,,,,,,
https://www.sahibinden.com/ilan/emlak-konut-satilik-artemin-kucukyali-camlik-ta-bahce-terasli-80m2-sifir-2-plus1-1317280647/detay,satilik,2026-05-27T00:01:03.069581,9.950.000 TL,▃ARTEMİN▃KÜÇÜKYALI ÇAMLIK'TA BAHÇE TERASLI 80m² SIFIR 2+1!,Yatay,Dikey,"Favori Aramalarım, Size Özel İlanlar, Karşılaştır, Favori Aramalarım'a Git, Vazgeç, Karşılaştır, Tüm ilanları, Favori Satıcılarıma ekle, Dolu, Boş, Yatay, Dikey",Satılık Daire,80,50,2+1,0 (Oturuma Hazır),Bahçe Katı,4,Yerden Isıtma,1,Açık (Amerikan),Var,Var,Yok,Hayır,Boş,Belirtilmemiş,Belirtilmemiş,Evet,Belirtilmemiş,Tapu Kaydı Yok,Emlak Ofisinden,Hayır,"Favorilerime Ekle Favorilerimden Çıkar Favori listeme kaydet Yeni liste oluştur Kaydet İlan Favori Listenize Eklendi Bu ilana ait bundan sonraki fiyat değişimlerini görüntüleyebilirsiniz. Nasıl görüntülerim? Fiyat bildirimlerini güncelle Fiyat bildirimleri Bildirim Türü Fiyat her düştüğünde bildir Belirlediğim fiyatın altına düşünce bildir Mevcut fiyat (TL) Belirlediğim fiyat (TL) Belirlediğiniz fiyatı girin. Mevcut fiyattan daha düşük bir değer girmelisiniz. Fiyat bildirimlerini sessize al Bildirim Kanalı E-posta bildirimi Mobil bildirimi En az bir bildirim kanalı seçmelisiniz. Bildirim ayarlarını güncellemek için Favoriler > Favori İlanlar menüsüne giderek listenizdeki ilgili ilanın sağ tarafındaki üç noktaya tıklayın, ""Fiyat bildirimlerini güncelle""yi seçin. Vazgeç Kaydet İlan, favorilerinize eklendi. "" "" listenize eklenen bu ilana ait değişimleri takip edebilirsiniz. Fiyat her düştüğünde veya belirleyeceğiniz fiyatın altına düştüğünde bildirim almayı tercih edebilirsiniz. Belirlediğim fiyatın altına düşünce bildir Her zaman bildir Fiyat bildirimleri Favoriye eklediğiniz ilandaki fiyat her düştüğünde sizi bilgilendireceğiz. Favoriye eklediğiniz ilandaki fiyat belirlediğiniz fiyatın altına düştüğünde sizi bilgilendireceğiz. Favoriye eklediğiniz ilandaki fiyat bildirimleri sessize alındı. İlan, favorilerinize kaydedilemedi. Favori ilanlara toplamda 250 ilan kaydedilebilir, daha fazla ilan kaydedemezsiniz. Bana Özel > Favori İlanlar sayfasından favori ilanlarınızı düzenleyebilirsiniz. Vazgeç Favori İlanlara Git İlan, favorilerinize kaydedilemedi Favori İlanlara toplamda 250 ilan kaydedilebilir, daha fazla ilan kaydedemezsiniz. Bana Özel > Favori İlanlar sayfasından favori ilanlarınızı düzenleyebilirsiniz. Vazgeç Favori İlanlara Git",Mevcut fiyat (TL) Belirlediğim fiyat (TL) Belirlediğiniz fiyatı girin. Mevcut fiyattan daha düşük bir değer girmelisiniz.,Günlük Bildirim Ayarları Mobil Bildirim,1317280647,26 Mayıs 2026,Hayır,,Favoriye Eklendiğindeki Fiyat,,0 (530) 456 52 86,"Bana Özel > Diğer > QR işlemleri > QR kod ile web'e giriş yap menüsüne gidin, ekrandaki QR kodu okutun.","{{}} Fiyatı Şu Anki
Fiyatı İlanlardaki fiyatlar ilanı giren kullanıcı tarafından belirlenmekte olup, sahibinden.com'un fiyatlara herhangi bir müdahalesi bulunmamaktadır. İlanın Yayınlandığı
Fiyat Favoriye Eklendiğindeki Fiyat Tüm Fiyat Değişimlerini Gör","İlanlardaki fiyatlar ilanı giren kullanıcı tarafından belirlenmekte olup, sahibinden.com'un fiyatlara herhangi bir müdahalesi bulunmamaktadır.",0 850 222 44 44,yardim.sahibinden.com,Cephe Batı Doğu Güney Kuzey İç Özellikler ADSL Ahşap Doğrama Akıllı Ev Alarm (Hırsız) Alarm (Yangın) Alaturka Tuvalet Alüminyum Doğrama Amerikan Kapı Ankastre Fırın Barbekü Beyaz Eşya Boyalı Bulaşık Makinesi Buzdolabı Çamaşır Kurutma Makinesi Çamaşır Makinesi Çamaşır Odası Çelik Kapı Duşakabin Duvar Kağıdı Ebeveyn Banyosu Fırın Fiber İnternet Giyinme Odası Gömme Dolap Görüntülü Diyafon Hilton Banyo Intercom Sistemi Isıcam Jakuzi Kapalı / Cam Balkon Kartonpiyer Kiler Klima Küvet Laminat Zemin Marley Mobilya Mutfak (Ankastre) Mutfak (Laminat) Mutfak Doğalgazı Panjur/Jaluzi Parke Zemin PVC Doğram,,,,,,,,,,,,,,,,,,,,,,,,Favori Satıcı Adı,,,,,,,,,,,,,,,
https://www.sahibinden.com/ilan/emlak-konut-satilik-esenyurt-kiracta-satilik-cati-piyesli-ayri-girisli-dubleks-3-plus2-1316271175/detay,satilik,2026-05-27T00:01:21.486735,4.850.000 TL,ESENYURT KIRAÇTA SATILIK ÇATI PİYESLİ AYRI GİRİŞLİ DUBLEKS 3+2,Yatay,Dikey,"Favori Aramalarım, Size Özel İlanlar, Karşılaştır, Favori Aramalarım'a Git, Vazgeç, Karşılaştır, Tüm ilanları, Favori Satıcılarıma ekle, Dolu, Boş, Yatay, Dikey",Satılık Daire,125,119,3+2,4,3,3,Kombi (Doğalgaz),2,Kapalı,Var,Yok,Açık Otopark,Hayır,Boş,Belirtilmemiş,Belirtilmemiş,Evet,Belirtilmemiş,Kat İrtifaklı,Emlak Ofisinden,Hayır,"Favorilerime Ekle Favorilerimden Çıkar Favori listeme kaydet Yeni liste oluştur Kaydet İlan Favori Listenize Eklendi Bu ilana ait bundan sonraki fiyat değişimlerini görüntüleyebilirsiniz. Nasıl görüntülerim? Fiyat bildirimlerini güncelle Fiyat bildirimleri Bildirim Türü Fiyat her düştüğünde bildir Belirlediğim fiyatın altına düşünce bildir Mevcut fiyat (TL) Belirlediğim fiyat (TL) Belirlediğiniz fiyatı girin. Mevcut fiyattan daha düşük bir değer girmelisiniz. Fiyat bildirimlerini sessize al Bildirim Kanalı E-posta bildirimi Mobil bildirimi En az bir bildirim kanalı seçmelisiniz. Bildirim ayarlarını güncellemek için Favoriler > Favori İlanlar menüsüne giderek listenizdeki ilgili ilanın sağ tarafındaki üç noktaya tıklayın, ""Fiyat bildirimlerini güncelle""yi seçin. Vazgeç Kaydet İlan, favorilerinize eklendi. "" "" listenize eklenen bu ilana ait değişimleri takip edebilirsiniz. Fiyat her düştüğünde veya belirleyeceğiniz fiyatın altına düştüğünde bildirim almayı tercih edebilirsiniz. Belirlediğim fiyatın altına düşünce bildir Her zaman bildir Fiyat bildirimleri Favoriye eklediğiniz ilandaki fiyat her düştüğünde sizi bilgilendireceğiz. Favoriye eklediğiniz ilandaki fiyat belirlediğiniz fiyatın altına düştüğünde sizi bilgilendireceğiz. Favoriye eklediğiniz ilandaki fiyat bildirimleri sessize alındı. İlan, favorilerinize kaydedilemedi. Favori ilanlara toplamda 250 ilan kaydedilebilir, daha fazla ilan kaydedemezsiniz. Bana Özel > Favori İlanlar sayfasından favori ilanlarınızı düzenleyebilirsiniz. Vazgeç Favori İlanlara Git İlan, favorilerinize kaydedilemedi Favori İlanlara toplamda 250 ilan kaydedilebilir, daha fazla ilan kaydedemezsiniz. Bana Özel > Favori İlanlar sayfasından favori ilanlarınızı düzenleyebilirsiniz. Vazgeç Favori İlanlara Git",Mevcut fiyat (TL) Belirlediğim fiyat (TL) Belirlediğiniz fiyatı girin. Mevcut fiyattan daha düşük bir değer girmelisiniz.,Günlük Bildirim Ayarları Mobil Bildirim,1316271175,26 Mayıs 2026,Hayır,,Favoriye Eklendiğindeki Fiyat,,0 (544) 488 41 24,"Bana Özel > Diğer > QR işlemleri > QR kod ile web'e giriş yap menüsüne gidin, ekrandaki QR kodu okutun.","{{}} Fiyatı Şu Anki
Fiyatı İlanlardaki fiyatlar ilanı giren kullanıcı tarafından belirlenmekte olup, sahibinden.com'un fiyatlara herhangi bir müdahalesi bulunmamaktadır. İlanın Yayınlandığı
Fiyat Favoriye Eklendiğindeki Fiyat Tüm Fiyat Değişimlerini Gör","İlanlardaki fiyatlar ilanı giren kullanıcı tarafından belirlenmekte olup, sahibinden.com'un fiyatlara herhangi bir müdahalesi bulunmamaktadır.",0 850 222 44 44,yardim.sahibinden.com,Cephe Batı Doğu Güney Kuzey İç Özellikler ADSL Ahşap Doğrama Akıllı Ev Alarm (Hırsız) Alarm (Yangın) Alaturka Tuvalet Alüminyum Doğrama Amerikan Kapı Ankastre Fırın Barbekü Beyaz Eşya Boyalı Bulaşık Makinesi Buzdolabı Çamaşır Kurutma Makinesi Çamaşır Makinesi Çamaşır Odası Çelik Kapı Duşakabin Duvar Kağıdı Ebeveyn Banyosu Fırın Fiber İnternet Giyinme Odası Gömme Dolap Görüntülü Diyafon Hilton Banyo Intercom Sistemi Isıcam Jakuzi Kapalı / Cam Balkon Kartonpiyer Kiler Klima Küvet Laminat Zemin Marley Mobilya Mutfak (Ankastre) Mutfak (Laminat) Mutfak Doğalgazı Panjur/Jaluzi Parke Zemin PVC Doğram,,,,,,,,,,,,,,,,,,,,,,,,,Favori Satıcı Adı,,,,,,,,,,,,,,
https://www.sahibinden.com/ilan/emlak-konut-satilik-beylikduzu-kavakli-da-yasam-vadisi-ustu-sifir-luks-2-plus1-daire-1299649207/detay,satilik,2026-05-27T00:01:40.389755,4.500.000 TL,BEYLİKDÜZÜ KAVAKLI' DA YAŞAM VADİSİ ÜSTÜ SIFIR LÜKS 2+1 DAİRE,Yatay,Dikey,"Favori Aramalarım, Size Özel İlanlar, Karşılaştır, Favori Aramalarım'a Git, Vazgeç, Karşılaştır, Tüm ilanları, Favori Satıcılarıma ekle, Dolu, Boş, Yatay, Dikey",Satılık Daire,105,95,2+1,0 (Oturuma Hazır),2,3,Kombi (Doğalgaz),2,Kapalı,Yok,Var,Kapalı Otopark,Hayır,Boş,Belirtilmemiş,Belirtilmemiş,Evet,Belirtilmemiş,Kat Mülkiyetli,Emlak Ofisinden,Hayır,"Favorilerime Ekle Favorilerimden Çıkar Favori listeme kaydet Yeni liste oluştur Kaydet İlan Favori Listenize Eklendi Bu ilana ait bundan sonraki fiyat değişimlerini görüntüleyebilirsiniz. Nasıl görüntülerim? Fiyat bildirimlerini güncelle Fiyat bildirimleri Bildirim Türü Fiyat her düştüğünde bildir Belirlediğim fiyatın altına düşünce bildir Mevcut fiyat (TL) Belirlediğim fiyat (TL) Belirlediğiniz fiyatı girin. Mevcut fiyattan daha düşük bir değer girmelisiniz. Fiyat bildirimlerini sessize al Bildirim Kanalı E-posta bildirimi Mobil bildirimi En az bir bildirim kanalı seçmelisiniz. Bildirim ayarlarını güncellemek için Favoriler > Favori İlanlar menüsüne giderek listenizdeki ilgili ilanın sağ tarafındaki üç noktaya tıklayın, ""Fiyat bildirimlerini güncelle""yi seçin. Vazgeç Kaydet İlan, favorilerinize eklendi. "" "" listenize eklenen bu ilana ait değişimleri takip edebilirsiniz. Fiyat her düştüğünde veya belirleyeceğiniz fiyatın altına düştüğünde bildirim almayı tercih edebilirsiniz. Belirlediğim fiyatın altına düşünce bildir Her zaman bildir Fiyat bildirimleri Favoriye eklediğiniz ilandaki fiyat her düştüğünde sizi bilgilendireceğiz. Favoriye eklediğiniz ilandaki fiyat belirlediğiniz fiyatın altına düştüğünde sizi bilgilendireceğiz. Favoriye eklediğiniz ilandaki fiyat bildirimleri sessize alındı. İlan, favorilerinize kaydedilemedi. Favori ilanlara toplamda 250 ilan kaydedilebilir, daha fazla ilan kaydedemezsiniz. Bana Özel > Favori İlanlar sayfasından favori ilanlarınızı düzenleyebilirsiniz. Vazgeç Favori İlanlara Git İlan, favorilerinize kaydedilemedi Favori İlanlara toplamda 250 ilan kaydedilebilir, daha fazla ilan kaydedemezsiniz. Bana Özel > Favori İlanlar sayfasından favori ilanlarınızı düzenleyebilirsiniz. Vazgeç Favori İlanlara Git",Mevcut fiyat (TL) Belirlediğim fiyat (TL) Belirlediğiniz fiyatı girin. Mevcut fiyattan daha düşük bir değer girmelisiniz.,Günlük Bildirim Ayarları Mobil Bildirim,1299649207,26 Mayıs 2026,Hayır,,Favoriye Eklendiğindeki Fiyat,0 (212) 803 90 95,0 (532) 469 90 95,"Bana Özel > Diğer > QR işlemleri > QR kod ile web'e giriş yap menüsüne gidin, ekrandaki QR kodu okutun.","{{}} Fiyatı Şu Anki
Fiyatı İlanlardaki fiyatlar ilanı giren kullanıcı tarafından belirlenmekte olup, sahibinden.com'un fiyatlara herhangi bir müdahalesi bulunmamaktadır. İlanın Yayınlandığı
Fiyat Favoriye Eklendiğindeki Fiyat Tüm Fiyat Değişimlerini Gör","İlanlardaki fiyatlar ilanı giren kullanıcı tarafından belirlenmekte olup, sahibinden.com'un fiyatlara herhangi bir müdahalesi bulunmamaktadır.",0 850 222 44 44,yardim.sahibinden.com,Cephe Batı Doğu Güney Kuzey İç Özellikler ADSL Ahşap Doğrama Akıllı Ev Alarm (Hırsız) Alarm (Yangın) Alaturka Tuvalet Alüminyum Doğrama Amerikan Kapı Ankastre Fırın Barbekü Beyaz Eşya Boyalı Bulaşık Makinesi Buzdolabı Çamaşır Kurutma Makinesi Çamaşır Makinesi Çamaşır Odası Çelik Kapı Duşakabin Duvar Kağıdı Ebeveyn Banyosu Fırın Fiber İnternet Giyinme Odası Gömme Dolap Görüntülü Diyafon Hilton Banyo Intercom Sistemi Isıcam Jakuzi Kapalı / Cam Balkon Kartonpiyer Kiler Klima Küvet Laminat Zemin Marley Mobilya Mutfak (Ankastre) Mutfak (Laminat) Mutfak Doğalgazı Panjur/Jaluzi Parke Zemin PVC Doğram,,,,,,,,,,,,,,,,,,,,,,,,,,Favori Satıcı Adı,,,,,,,,,,,,,
https://www.sahibinden.com/ilan/emlak-konut-satilik-sisli-siracevizler-de-105-m2-ozel-tasarim-3-plus1-satilik-daire-1310408812/detay,satilik,2026-05-27T00:02:00.197216,10.850.000 TL,ŞİŞLİ SIRACEVİZLER'DE 105 m2 ÖZEL TASARIM 3+1 SATILIK DAİRE,Yatay,Dikey,"Favori Aramalarım, Size Özel İlanlar, Karşılaştır, Favori Aramalarım'a Git, Vazgeç, Karşılaştır, Tüm ilanları, Favori Satıcılarıma ekle, Dolu, Boş, Yatay, Dikey",Satılık Daire,120,105,3+1,31 ve üzeri,5,6,Merkezi,2,Kapalı,Var,Var,Yok,Evet,Mülk Sahibi,Belirtilmemiş,Belirtilmemiş,Evet,Belirtilmemiş,Kat Mülkiyetli,Emlak Ofisinden,Hayır,"Favorilerime Ekle Favorilerimden Çıkar Favori listeme kaydet Yeni liste oluştur Kaydet İlan Favori Listenize Eklendi Bu ilana ait bundan sonraki fiyat değişimlerini görüntüleyebilirsiniz. Nasıl görüntülerim? Fiyat bildirimlerini güncelle Fiyat bildirimleri Bildirim Türü Fiyat her düştüğünde bildir Belirlediğim fiyatın altına düşünce bildir Mevcut fiyat (TL) Belirlediğim fiyat (TL) Belirlediğiniz fiyatı girin. Mevcut fiyattan daha düşük bir değer girmelisiniz. Fiyat bildirimlerini sessize al Bildirim Kanalı E-posta bildirimi Mobil bildirimi En az bir bildirim kanalı seçmelisiniz. Bildirim ayarlarını güncellemek için Favoriler > Favori İlanlar menüsüne giderek listenizdeki ilgili ilanın sağ tarafındaki üç noktaya tıklayın, ""Fiyat bildirimlerini güncelle""yi seçin. Vazgeç Kaydet İlan, favorilerinize eklendi. "" "" listenize eklenen bu ilana ait değişimleri takip edebilirsiniz. Fiyat her düştüğünde veya belirleyeceğiniz fiyatın altına düştüğünde bildirim almayı tercih edebilirsiniz. Belirlediğim fiyatın altına düşünce bildir Her zaman bildir Fiyat bildirimleri Favoriye eklediğiniz ilandaki fiyat her düştüğünde sizi bilgilendireceğiz. Favoriye eklediğiniz ilandaki fiyat belirlediğiniz fiyatın altına düştüğünde sizi bilgilendireceğiz. Favoriye eklediğiniz ilandaki fiyat bildirimleri sessize alındı. İlan, favorilerinize kaydedilemedi. Favori ilanlara toplamda 250 ilan kaydedilebilir, daha fazla ilan kaydedemezsiniz. Bana Özel > Favori İlanlar sayfasından favori ilanlarınızı düzenleyebilirsiniz. Vazgeç Favori İlanlara Git İlan, favorilerinize kaydedilemedi Favori İlanlara toplamda 250 ilan kaydedilebilir, daha fazla ilan kaydedemezsiniz. Bana Özel > Favori İlanlar sayfasından favori ilanlarınızı düzenleyebilirsiniz. Vazgeç Favori İlanlara Git",Mevcut fiyat (TL) Belirlediğim fiyat (TL) Belirlediğiniz fiyatı girin. Mevcut fiyattan daha düşük bir değer girmelisiniz.,Günlük Bildirim Ayarları Mobil Bildirim,1310408812,26 Mayıs 2026,Hayır,,Favoriye Eklendiğindeki Fiyat,0 (212) 230 66 22,0 (536) 824 87 81,"Bana Özel > Diğer > QR işlemleri > QR kod ile web'e giriş yap menüsüne gidin, ekrandaki QR kodu okutun.","{{}} Fiyatı Şu Anki
Fiyatı İlanlardaki fiyatlar ilanı giren kullanıcı tarafından belirlenmekte olup, sahibinden.com'un fiyatlara herhangi bir müdahalesi bulunmamaktadır. İlanın Yayınlandığı
Fiyat Favoriye Eklendiğindeki Fiyat Tüm Fiyat Değişimlerini Gör","İlanlardaki fiyatlar ilanı giren kullanıcı tarafından belirlenmekte olup, sahibinden.com'un fiyatlara herhangi bir müdahalesi bulunmamaktadır.",0 850 222 44 44,yardim.sahibinden.com,Cephe Batı Doğu Güney Kuzey İç Özellikler ADSL Ahşap Doğrama Akıllı Ev Alarm (Hırsız) Alarm (Yangın) Alaturka Tuvalet Alüminyum Doğrama Amerikan Kapı Ankastre Fırın Barbekü Beyaz Eşya Boyalı Bulaşık Makinesi Buzdolabı Çamaşır Kurutma Makinesi Çamaşır Makinesi Çamaşır Odası Çelik Kapı Duşakabin Duvar Kağıdı Ebeveyn Banyosu Fırın Fiber İnternet Giyinme Odası Gömme Dolap Görüntülü Diyafon Hilton Banyo Intercom Sistemi Isıcam Jakuzi Kapalı / Cam Balkon Kartonpiyer Kiler Klima Küvet Laminat Zemin Marley Mobilya Mutfak (Ankastre) Mutfak (Laminat) Mutfak Doğalgazı Panjur/Jaluzi Parke Zemin PVC Doğram,,,,,,,,,,,,,,,,,,,,,,,,,,,Favori Satıcı Adı,,,,,,,,,,,,
https://www.sahibinden.com/ilan/emlak-konut-satilik-bosphorus-city-en-buyuk-izole-bahceli-tekli-blok-yali-dairesi-1318942601/detay,satilik,2026-05-27T00:02:19.903780,35.000.000 TL,BOSPHORUS CİTY EN BÜYÜK İZOLE BAHÇELİ TEKLİ BLOK YALI DAİRESİ,Yatay,Dikey,"Favori Aramalarım, Size Özel İlanlar, Karşılaştır, Favori Aramalarım'a Git, Vazgeç, Karşılaştır, Tüm ilanları, Favori Satıcılarıma ekle, Dolu, Boş, Yatay, Dikey",Satılık Daire,257,190,4+1,11-15 arası,Bahçe Katı,4,Yerden Isıtma,2,Kapalı,Var,Var,Açık & Kapalı Otopark,Hayır,Mülk Sahibi,Sinpaş Gyo Bosphorus City,10.000,Evet,Belirtilmemiş,Kat Mülkiyetli,Emlak Ofisinden,Hayır,"Favorilerime Ekle Favorilerimden Çıkar Favori listeme kaydet Yeni liste oluştur Kaydet İlan Favori Listenize Eklendi Bu ilana ait bundan sonraki fiyat değişimlerini görüntüleyebilirsiniz. Nasıl görüntülerim? Fiyat bildirimlerini güncelle Fiyat bildirimleri Bildirim Türü Fiyat her düştüğünde bildir Belirlediğim fiyatın altına düşünce bildir Mevcut fiyat (TL) Belirlediğim fiyat (TL) Belirlediğiniz fiyatı girin. Mevcut fiyattan daha düşük bir değer girmelisiniz. Fiyat bildirimlerini sessize al Bildirim Kanalı E-posta bildirimi Mobil bildirimi En az bir bildirim kanalı seçmelisiniz. Bildirim ayarlarını güncellemek için Favoriler > Favori İlanlar menüsüne giderek listenizdeki ilgili ilanın sağ tarafındaki üç noktaya tıklayın, ""Fiyat bildirimlerini güncelle""yi seçin. Vazgeç Kaydet İlan, favorilerinize eklendi. "" "" listenize eklenen bu ilana ait değişimleri takip edebilirsiniz. Fiyat her düştüğünde veya belirleyeceğiniz fiyatın altına düştüğünde bildirim almayı tercih edebilirsiniz. Belirlediğim fiyatın altına düşünce bildir Her zaman bildir Fiyat bildirimleri Favoriye eklediğiniz ilandaki fiyat her düştüğünde sizi bilgilendireceğiz. Favoriye eklediğiniz ilandaki fiyat belirlediğiniz fiyatın altına düştüğünde sizi bilgilendireceğiz. Favoriye eklediğiniz ilandaki fiyat bildirimleri sessize alındı. İlan, favorilerinize kaydedilemedi. Favori ilanlara toplamda 250 ilan kaydedilebilir, daha fazla ilan kaydedemezsiniz. Bana Özel > Favori İlanlar sayfasından favori ilanlarınızı düzenleyebilirsiniz. Vazgeç Favori İlanlara Git İlan, favorilerinize kaydedilemedi Favori İlanlara toplamda 250 ilan kaydedilebilir, daha fazla ilan kaydedemezsiniz. Bana Özel > Favori İlanlar sayfasından favori ilanlarınızı düzenleyebilirsiniz. Vazgeç Favori İlanlara Git",Mevcut fiyat (TL) Belirlediğim fiyat (TL) Belirlediğiniz fiyatı girin. Mevcut fiyattan daha düşük bir değer girmelisiniz.,Günlük Bildirim Ayarları Mobil Bildirim,1318942601,26 Mayıs 2026,Evet,,Favoriye Eklendiğindeki Fiyat,,0 (533) 568 10 80,"Bana Özel > Diğer > QR işlemleri > QR kod ile web'e giriş yap menüsüne gidin, ekrandaki QR kodu okutun.","{{}} Fiyatı Şu Anki
Fiyatı İlanlardaki fiyatlar ilanı giren kullanıcı tarafından belirlenmekte olup, sahibinden.com'un fiyatlara herhangi bir müdahalesi bulunmamaktadır. İlanın Yayınlandığı
Fiyat Favoriye Eklendiğindeki Fiyat Tüm Fiyat Değişimlerini Gör","İlanlardaki fiyatlar ilanı giren kullanıcı tarafından belirlenmekte olup, sahibinden.com'un fiyatlara herhangi bir müdahalesi bulunmamaktadır.",0 850 222 44 44,yardim.sahibinden.com,Cephe Batı Doğu Güney Kuzey İç Özellikler ADSL Ahşap Doğrama Akıllı Ev Alarm (Hırsız) Alarm (Yangın) Alaturka Tuvalet Alüminyum Doğrama Amerikan Kapı Ankastre Fırın Barbekü Beyaz Eşya Boyalı Bulaşık Makinesi Buzdolabı Çamaşır Kurutma Makinesi Çamaşır Makinesi Çamaşır Odası Çelik Kapı Duşakabin Duvar Kağıdı Ebeveyn Banyosu Fırın Fiber İnternet Giyinme Odası Gömme Dolap Görüntülü Diyafon Hilton Banyo Intercom Sistemi Isıcam Jakuzi Kapalı / Cam Balkon Kartonpiyer Kiler Klima Küvet Laminat Zemin Marley Mobilya Mutfak (Ankastre) Mutfak (Laminat) Mutfak Doğalgazı Panjur/Jaluzi Parke Zemin PVC Doğram,,,,,,,,,,,,,,,,,,,,,,,,,,,,Favori Satıcı Adı,,,,,,,,,,,
https://www.sahibinden.com/ilan/emlak-konut-satilik-karadeniz-mah.merkezi-konum-da-4-plus2-135-m2-masrafsiz-dublex-1303890779/detay,satilik,2026-05-27T00:02:38.055677,8.500.000 TL,KARADENİZ MAH.MERKEZİ KONUM DA 4+2 135 m² MASRAFSIZ DUBLEX,Yatay,Dikey,"Favori Aramalarım, Size Özel İlanlar, Karşılaştır, Favori Aramalarım'a Git, Vazgeç, Karşılaştır, Tüm ilanları, Favori Satıcılarıma ekle, Dolu, Boş, Yatay, Dikey",Satılık Daire,145,135,4+2,3,4,5,Kombi (Doğalgaz),2,Kapalı,Var,Var,Yok,Hayır,Mülk Sahibi,Belirtilmemiş,Belirtilmemiş,Evet,Belirtilmemiş,Kat Mülkiyetli,Emlak Ofisinden,Hayır,"Favorilerime Ekle Favorilerimden Çıkar Favori listeme kaydet Yeni liste oluştur Kaydet İlan Favori Listenize Eklendi Bu ilana ait bundan sonraki fiyat değişimlerini görüntüleyebilirsiniz. Nasıl görüntülerim? Fiyat bildirimlerini güncelle Fiyat bildirimleri Bildirim Türü Fiyat her düştüğünde bildir Belirlediğim fiyatın altına düşünce bildir Mevcut fiyat (TL) Belirlediğim fiyat (TL) Belirlediğiniz fiyatı girin. Mevcut fiyattan daha düşük bir değer girmelisiniz. Fiyat bildirimlerini sessize al Bildirim Kanalı E-posta bildirimi Mobil bildirimi En az bir bildirim kanalı seçmelisiniz. Bildirim ayarlarını güncellemek için Favoriler > Favori İlanlar menüsüne giderek listenizdeki ilgili ilanın sağ tarafındaki üç noktaya tıklayın, ""Fiyat bildirimlerini güncelle""yi seçin. Vazgeç Kaydet İlan, favorilerinize eklendi. "" "" listenize eklenen bu ilana ait değişimleri takip edebilirsiniz. Fiyat her düştüğünde veya belirleyeceğiniz fiyatın altına düştüğünde bildirim almayı tercih edebilirsiniz. Belirlediğim fiyatın altına düşünce bildir Her zaman bildir Fiyat bildirimleri Favoriye eklediğiniz ilandaki fiyat her düştüğünde sizi bilgilendireceğiz. Favoriye eklediğiniz ilandaki fiyat belirlediğiniz fiyatın altına düştüğünde sizi bilgilendireceğiz. Favoriye eklediğiniz ilandaki fiyat bildirimleri sessize alındı. İlan, favorilerinize kaydedilemedi. Favori ilanlara toplamda 250 ilan kaydedilebilir, daha fazla ilan kaydedemezsiniz. Bana Özel > Favori İlanlar sayfasından favori ilanlarınızı düzenleyebilirsiniz. Vazgeç Favori İlanlara Git İlan, favorilerinize kaydedilemedi Favori İlanlara toplamda 250 ilan kaydedilebilir, daha fazla ilan kaydedemezsiniz. Bana Özel > Favori İlanlar sayfasından favori ilanlarınızı düzenleyebilirsiniz. Vazgeç Favori İlanlara Git",Mevcut fiyat (TL) Belirlediğim fiyat (TL) Belirlediğiniz fiyatı girin. Mevcut fiyattan daha düşük bir değer girmelisiniz.,Günlük Bildirim Ayarları Mobil Bildirim,1303890779,26 Mayıs 2026,Hayır,,Favoriye Eklendiğindeki Fiyat,0 (212) 703 09 60,0 (536) 454 33 11,"Bana Özel > Diğer > QR işlemleri > QR kod ile web'e giriş yap menüsüne gidin, ekrandaki QR kodu okutun.","{{}} Fiyatı Şu Anki
Fiyatı İlanlardaki fiyatlar ilanı giren kullanıcı tarafından belirlenmekte olup, sahibinden.com'un fiyatlara herhangi bir müdahalesi bulunmamaktadır. İlanın Yayınlandığı
Fiyat Favoriye Eklendiğindeki Fiyat Tüm Fiyat Değişimlerini Gör","İlanlardaki fiyatlar ilanı giren kullanıcı tarafından belirlenmekte olup, sahibinden.com'un fiyatlara herhangi bir müdahalesi bulunmamaktadır.",0 850 222 44 44,yardim.sahibinden.com,Cephe Batı Doğu Güney Kuzey İç Özellikler ADSL Ahşap Doğrama Akıllı Ev Alarm (Hırsız) Alarm (Yangın) Alaturka Tuvalet Alüminyum Doğrama Amerikan Kapı Ankastre Fırın Barbekü Beyaz Eşya Boyalı Bulaşık Makinesi Buzdolabı Çamaşır Kurutma Makinesi Çamaşır Makinesi Çamaşır Odası Çelik Kapı Duşakabin Duvar Kağıdı Ebeveyn Banyosu Fırın Fiber İnternet Giyinme Odası Gömme Dolap Görüntülü Diyafon Hilton Banyo Intercom Sistemi Isıcam Jakuzi Kapalı / Cam Balkon Kartonpiyer Kiler Klima Küvet Laminat Zemin Marley Mobilya Mutfak (Ankastre) Mutfak (Laminat) Mutfak Doğalgazı Panjur/Jaluzi Parke Zemin PVC Doğram,,,,,,,,,,,,,,,,,,,,,,,,,,,,,Favori Satıcı Adı,,,,,,,,,,
https://www.sahibinden.com/ilan/emlak-konut-satilik-eyup-bahar-yaka-sitesi-halic-manzarali-2-plus1-firsat-arakat-daire-1270878274/detay,satilik,2026-05-27T00:02:57.779619,9.000.000 TL,EYÜP BAHAR YAKA SİTESİ HALİÇ MANZARALI 2+1 FIRSAT ARAKAT DAİRE,Yatay,Dikey,"Favori Aramalarım, Size Özel İlanlar, Karşılaştır, Favori Aramalarım'a Git, Vazgeç, Karşılaştır, Tüm ilanları, Favori Satıcılarıma ekle, Dolu, Boş, Yatay, Dikey",Satılık Daire,115,78,2+1,0 (Oturuma Hazır),4,9,Kombi (Doğalgaz),2,Kapalı,Var,Var,Kapalı Otopark,Hayır,Boş,Bahar Yaka,Belirtilmemiş,Evet,Belirtilmemiş,Kat Mülkiyetli,Emlak Ofisinden,Hayır,"Favorilerime Ekle Favorilerimden Çıkar Favori listeme kaydet Yeni liste oluştur Kaydet İlan Favori Listenize Eklendi Bu ilana ait bundan sonraki fiyat değişimlerini görüntüleyebilirsiniz. Nasıl görüntülerim? Fiyat bildirimlerini güncelle Fiyat bildirimleri Bildirim Türü Fiyat her düştüğünde bildir Belirlediğim fiyatın altına düşünce bildir Mevcut fiyat (TL) Belirlediğim fiyat (TL) Belirlediğiniz fiyatı girin. Mevcut fiyattan daha düşük bir değer girmelisiniz. Fiyat bildirimlerini sessize al Bildirim Kanalı E-posta bildirimi Mobil bildirimi En az bir bildirim kanalı seçmelisiniz. Bildirim ayarlarını güncellemek için Favoriler > Favori İlanlar menüsüne giderek listenizdeki ilgili ilanın sağ tarafındaki üç noktaya tıklayın, ""Fiyat bildirimlerini güncelle""yi seçin. Vazgeç Kaydet İlan, favorilerinize eklendi. "" "" listenize eklenen bu ilana ait değişimleri takip edebilirsiniz. Fiyat her düştüğünde veya belirleyeceğiniz fiyatın altına düştüğünde bildirim almayı tercih edebilirsiniz. Belirlediğim fiyatın altına düşünce bildir Her zaman bildir Fiyat bildirimleri Favoriye eklediğiniz ilandaki fiyat her düştüğünde sizi bilgilendireceğiz. Favoriye eklediğiniz ilandaki fiyat belirlediğiniz fiyatın altına düştüğünde sizi bilgilendireceğiz. Favoriye eklediğiniz ilandaki fiyat bildirimleri sessize alındı. İlan, favorilerinize kaydedilemedi. Favori ilanlara toplamda 250 ilan kaydedilebilir, daha fazla ilan kaydedemezsiniz. Bana Özel > Favori İlanlar sayfasından favori ilanlarınızı düzenleyebilirsiniz. Vazgeç Favori İlanlara Git İlan, favorilerinize kaydedilemedi Favori İlanlara toplamda 250 ilan kaydedilebilir, daha fazla ilan kaydedemezsiniz. Bana Özel > Favori İlanlar sayfasından favori ilanlarınızı düzenleyebilirsiniz. Vazgeç Favori İlanlara Git",Mevcut fiyat (TL) Belirlediğim fiyat (TL) Belirlediğiniz fiyatı girin. Mevcut fiyattan daha düşük bir değer girmelisiniz.,Günlük Bildirim Ayarları Mobil Bildirim,1270878274,26 Mayıs 2026,Evet,,Favoriye Eklendiğindeki Fiyat,0 (212) 703 09 60,0 (536) 454 33 11,"Bana Özel > Diğer > QR işlemleri > QR kod ile web'e giriş yap menüsüne gidin, ekrandaki QR kodu okutun.","{{}} Fiyatı Şu Anki
Fiyatı İlanlardaki fiyatlar ilanı giren kullanıcı tarafından belirlenmekte olup, sahibinden.com'un fiyatlara herhangi bir müdahalesi bulunmamaktadır. İlanın Yayınlandığı
Fiyat Favoriye Eklendiğindeki Fiyat Tüm Fiyat Değişimlerini Gör","İlanlardaki fiyatlar ilanı giren kullanıcı tarafından belirlenmekte olup, sahibinden.com'un fiyatlara herhangi bir müdahalesi bulunmamaktadır.",0 850 222 44 44,yardim.sahibinden.com,Cephe Batı Doğu Güney Kuzey İç Özellikler ADSL Ahşap Doğrama Akıllı Ev Alarm (Hırsız) Alarm (Yangın) Alaturka Tuvalet Alüminyum Doğrama Amerikan Kapı Ankastre Fırın Barbekü Beyaz Eşya Boyalı Bulaşık Makinesi Buzdolabı Çamaşır Kurutma Makinesi Çamaşır Makinesi Çamaşır Odası Çelik Kapı Duşakabin Duvar Kağıdı Ebeveyn Banyosu Fırın Fiber İnternet Giyinme Odası Gömme Dolap Görüntülü Diyafon Hilton Banyo Intercom Sistemi Isıcam Jakuzi Kapalı / Cam Balkon Kartonpiyer Kiler Klima Küvet Laminat Zemin Marley Mobilya Mutfak (Ankastre) Mutfak (Laminat) Mutfak Doğalgazı Panjur/Jaluzi Parke Zemin PVC Doğram,,,,,,,,,,,,,,,,,,,,,,,,,,,,,Favori Satıcı Adı,,,,,,,,,,
https://www.sahibinden.com/ilan/emlak-konut-satilik-beylikduzu-sonsuz-yapi-da-havuzlu-full-consept-site-ici-2-plus1-1315356065/detay,satilik,2026-05-27T00:03:16.853753,5.350.000 TL,BEYLİKDÜZÜ SONSUZ YAPI'DA HAVUZLU FULL CONSEPT SİTE İÇİ 2+1,Yatay,Dikey,"Favori Aramalarım, Size Özel İlanlar, Karşılaştır, Favori Aramalarım'a Git, Vazgeç, Karşılaştır, Tüm ilanları, Favori Satıcılarıma ekle, Dolu, Boş, Yatay, Dikey",Satılık Daire,120,105,2+1,0 (Oturuma Hazır),3,5,Kombi (Doğalgaz),1,Kapalı,Var,Var,Açık & Kapalı Otopark,Hayır,Boş,Belirtilmemiş,Belirtilmemiş,Evet,A,Kat Mülkiyetli,Emlak Ofisinden,Evet,"Favorilerime Ekle Favorilerimden Çıkar Favori listeme kaydet Yeni liste oluştur Kaydet İlan Favori Listenize Eklendi Bu ilana ait bundan sonraki fiyat değişimlerini görüntüleyebilirsiniz. Nasıl görüntülerim? Fiyat bildirimlerini güncelle Fiyat bildirimleri Bildirim Türü Fiyat her düştüğünde bildir Belirlediğim fiyatın altına düşünce bildir Mevcut fiyat (TL) Belirlediğim fiyat (TL) Belirlediğiniz fiyatı girin. Mevcut fiyattan daha düşük bir değer girmelisiniz. Fiyat bildirimlerini sessize al Bildirim Kanalı E-posta bildirimi Mobil bildirimi En az bir bildirim kanalı seçmelisiniz. Bildirim ayarlarını güncellemek için Favoriler > Favori İlanlar menüsüne giderek listenizdeki ilgili ilanın sağ tarafındaki üç noktaya tıklayın, ""Fiyat bildirimlerini güncelle""yi seçin. Vazgeç Kaydet İlan, favorilerinize eklendi. "" "" listenize eklenen bu ilana ait değişimleri takip edebilirsiniz. Fiyat her düştüğünde veya belirleyeceğiniz fiyatın altına düştüğünde bildirim almayı tercih edebilirsiniz. Belirlediğim fiyatın altına düşünce bildir Her zaman bildir Fiyat bildirimleri Favoriye eklediğiniz ilandaki fiyat her düştüğünde sizi bilgilendireceğiz. Favoriye eklediğiniz ilandaki fiyat belirlediğiniz fiyatın altına düştüğünde sizi bilgilendireceğiz. Favoriye eklediğiniz ilandaki fiyat bildirimleri sessize alındı. İlan, favorilerinize kaydedilemedi. Favori ilanlara toplamda 250 ilan kaydedilebilir, daha fazla ilan kaydedemezsiniz. Bana Özel > Favori İlanlar sayfasından favori ilanlarınızı düzenleyebilirsiniz. Vazgeç Favori İlanlara Git İlan, favorilerinize kaydedilemedi Favori İlanlara toplamda 250 ilan kaydedilebilir, daha fazla ilan kaydedemezsiniz. Bana Özel > Favori İlanlar sayfasından favori ilanlarınızı düzenleyebilirsiniz. Vazgeç Favori İlanlara Git",Mevcut fiyat (TL) Belirlediğim fiyat (TL) Belirlediğiniz fiyatı girin. Mevcut fiyattan daha düşük bir değer girmelisiniz.,Günlük Bildirim Ayarları Mobil Bildirim,1315356065,26 Mayıs 2026,Evet,,Favoriye Eklendiğindeki Fiyat,,0 (549) 809 08 08,"Bana Özel > Diğer > QR işlemleri > QR kod ile web'e giriş yap menüsüne gidin, ekrandaki QR kodu okutun.","{{}} Fiyatı Şu Anki
Fiyatı İlanlardaki fiyatlar ilanı giren kullanıcı tarafından belirlenmekte olup, sahibinden.com'un fiyatlara herhangi bir müdahalesi bulunmamaktadır. İlanın Yayınlandığı
Fiyat Favoriye Eklendiğindeki Fiyat Tüm Fiyat Değişimlerini Gör","İlanlardaki fiyatlar ilanı giren kullanıcı tarafından belirlenmekte olup, sahibinden.com'un fiyatlara herhangi bir müdahalesi bulunmamaktadır.",0 850 222 44 44,yardim.sahibinden.com,Cephe Batı Doğu Güney Kuzey İç Özellikler ADSL Ahşap Doğrama Akıllı Ev Alarm (Hırsız) Alarm (Yangın) Alaturka Tuvalet Alüminyum Doğrama Amerikan Kapı Ankastre Fırın Barbekü Beyaz Eşya Boyalı Bulaşık Makinesi Buzdolabı Çamaşır Kurutma Makinesi Çamaşır Makinesi Çamaşır Odası Çelik Kapı Duşakabin Duvar Kağıdı Ebeveyn Banyosu Fırın Fiber İnternet Giyinme Odası Gömme Dolap Görüntülü Diyafon Hilton Banyo Intercom Sistemi Isıcam Jakuzi Kapalı / Cam Balkon Kartonpiyer Kiler Klima Küvet Laminat Zemin Marley Mobilya Mutfak (Ankastre) Mutfak (Laminat) Mutfak Doğalgazı Panjur/Jaluzi Parke Zemin PVC Doğram,,,,,,,,,,,,,,,,,,,,,,,,,,,,,,Favori Satıcı Adı,,,,,,,,,
https://www.sahibinden.com/ilan/emlak-konut-satilik-beylikduzu-safa-dan-merkezi-konumda-4-plus2-dubleks-firsati-1317257040/detay,satilik,2026-05-27T00:03:36.824222,5.950.000 TL,BEYLİKDÜZÜ SAFA DAN MERKEZİ KONUMDA 4+2 DUBLEKS FIRSATI,Yatay,Dikey,"Favori Aramalarım, Size Özel İlanlar, Karşılaştır, Favori Aramalarım'a Git, Vazgeç, Karşılaştır, Tüm ilanları, Favori Satıcılarıma ekle, Dolu, Boş, Yatay, Dikey",Satılık Daire,200,180,4+2,3,3,4,Kombi (Doğalgaz),2,Kapalı,Var,Var,Açık Otopark,Hayır,Boş,Belirtilmemiş,Belirtilmemiş,Evet,Belirtilmemiş,Kat Mülkiyetli,Emlak Ofisinden,Evet,"Favorilerime Ekle Favorilerimden Çıkar Favori listeme kaydet Yeni liste oluştur Kaydet İlan Favori Listenize Eklendi Bu ilana ait bundan sonraki fiyat değişimlerini görüntüleyebilirsiniz. Nasıl görüntülerim? Fiyat bildirimlerini güncelle Fiyat bildirimleri Bildirim Türü Fiyat her düştüğünde bildir Belirlediğim fiyatın altına düşünce bildir Mevcut fiyat (TL) Belirlediğim fiyat (TL) Belirlediğiniz fiyatı girin. Mevcut fiyattan daha düşük bir değer girmelisiniz. Fiyat bildirimlerini sessize al Bildirim Kanalı E-posta bildirimi Mobil bildirimi En az bir bildirim kanalı seçmelisiniz. Bildirim ayarlarını güncellemek için Favoriler > Favori İlanlar menüsüne giderek listenizdeki ilgili ilanın sağ tarafındaki üç noktaya tıklayın, ""Fiyat bildirimlerini güncelle""yi seçin. Vazgeç Kaydet İlan, favorilerinize eklendi. "" "" listenize eklenen bu ilana ait değişimleri takip edebilirsiniz. Fiyat her düştüğünde veya belirleyeceğiniz fiyatın altına düştüğünde bildirim almayı tercih edebilirsiniz. Belirlediğim fiyatın altına düşünce bildir Her zaman bildir Fiyat bildirimleri Favoriye eklediğiniz ilandaki fiyat her düştüğünde sizi bilgilendireceğiz. Favoriye eklediğiniz ilandaki fiyat belirlediğiniz fiyatın altına düştüğünde sizi bilgilendireceğiz. Favoriye eklediğiniz ilandaki fiyat bildirimleri sessize alındı. İlan, favorilerinize kaydedilemedi. Favori ilanlara toplamda 250 ilan kaydedilebilir, daha fazla ilan kaydedemezsiniz. Bana Özel > Favori İlanlar sayfasından favori ilanlarınızı düzenleyebilirsiniz. Vazgeç Favori İlanlara Git İlan, favorilerinize kaydedilemedi Favori İlanlara toplamda 250 ilan kaydedilebilir, daha fazla ilan kaydedemezsiniz. Bana Özel > Favori İlanlar sayfasından favori ilanlarınızı düzenleyebilirsiniz. Vazgeç Favori İlanlara Git",Mevcut fiyat (TL) Belirlediğim fiyat (TL) Belirlediğiniz fiyatı girin. Mevcut fiyattan daha düşük bir değer girmelisiniz.,Günlük Bildirim Ayarları Mobil Bildirim,1317257040,26 Mayıs 2026,Evet,,Favoriye Eklendiğindeki Fiyat,,0 (531) 775 72 32,"Bana Özel > Diğer > QR işlemleri > QR kod ile web'e giriş yap menüsüne gidin, ekrandaki QR kodu okutun.","{{}} Fiyatı Şu Anki
Fiyatı İlanlardaki fiyatlar ilanı giren kullanıcı tarafından belirlenmekte olup, sahibinden.com'un fiyatlara herhangi bir müdahalesi bulunmamaktadır. İlanın Yayınlandığı
Fiyat Favoriye Eklendiğindeki Fiyat Tüm Fiyat Değişimlerini Gör","İlanlardaki fiyatlar ilanı giren kullanıcı tarafından belirlenmekte olup, sahibinden.com'un fiyatlara herhangi bir müdahalesi bulunmamaktadır.",0 850 222 44 44,yardim.sahibinden.com,Cephe Batı Doğu Güney Kuzey İç Özellikler ADSL Ahşap Doğrama Akıllı Ev Alarm (Hırsız) Alarm (Yangın) Alaturka Tuvalet Alüminyum Doğrama Amerikan Kapı Ankastre Fırın Barbekü Beyaz Eşya Boyalı Bulaşık Makinesi Buzdolabı Çamaşır Kurutma Makinesi Çamaşır Makinesi Çamaşır Odası Çelik Kapı Duşakabin Duvar Kağıdı Ebeveyn Banyosu Fırın Fiber İnternet Giyinme Odası Gömme Dolap Görüntülü Diyafon Hilton Banyo Intercom Sistemi Isıcam Jakuzi Kapalı / Cam Balkon Kartonpiyer Kiler Klima Küvet Laminat Zemin Marley Mobilya Mutfak (Ankastre) Mutfak (Laminat) Mutfak Doğalgazı Panjur/Jaluzi Parke Zemin PVC Doğram,,,,,,,,,,,,,,,,,,,,,,,,,,,,,,,Favori Satıcı Adı,,,,,,,,
https://www.sahibinden.com/ilan/emlak-konut-satilik-guzel-city-deniz-manzarali-2-plus1-huzurlu-yasam-alani-1316688602/detay,satilik,2026-05-27T00:03:55.480925,4.220.000 TL,GÜZEL CİTY DENİZ MANZARALI 2+1 HUZURLU YAŞAM ALANI,Yatay,Dikey,"Favori Aramalarım, Size Özel İlanlar, Karşılaştır, Favori Aramalarım'a Git, Vazgeç, Karşılaştır, Tüm ilanları, Favori Satıcılarıma ekle, Dolu, Boş, Yatay, Dikey",Satılık Daire,105,90,2+1,0 (Oturuma Hazır),2,4,Kombi (Doğalgaz),1,Açık (Amerikan),Var,Var,Kapalı Otopark,Hayır,Boş,Belirtilmemiş,Belirtilmemiş,Evet,A,Kat Mülkiyetli,Emlak Ofisinden,Hayır,"Favorilerime Ekle Favorilerimden Çıkar Favori listeme kaydet Yeni liste oluştur Kaydet İlan Favori Listenize Eklendi Bu ilana ait bundan sonraki fiyat değişimlerini görüntüleyebilirsiniz. Nasıl görüntülerim? Fiyat bildirimlerini güncelle Fiyat bildirimleri Bildirim Türü Fiyat her düştüğünde bildir Belirlediğim fiyatın altına düşünce bildir Mevcut fiyat (TL) Belirlediğim fiyat (TL) Belirlediğiniz fiyatı girin. Mevcut fiyattan daha düşük bir değer girmelisiniz. Fiyat bildirimlerini sessize al Bildirim Kanalı E-posta bildirimi Mobil bildirimi En az bir bildirim kanalı seçmelisiniz. Bildirim ayarlarını güncellemek için Favoriler > Favori İlanlar menüsüne giderek listenizdeki ilgili ilanın sağ tarafındaki üç noktaya tıklayın, ""Fiyat bildirimlerini güncelle""yi seçin. Vazgeç Kaydet İlan, favorilerinize eklendi. "" "" listenize eklenen bu ilana ait değişimleri takip edebilirsiniz. Fiyat her düştüğünde veya belirleyeceğiniz fiyatın altına düştüğünde bildirim almayı tercih edebilirsiniz. Belirlediğim fiyatın altına düşünce bildir Her zaman bildir Fiyat bildirimleri Favoriye eklediğiniz ilandaki fiyat her düştüğünde sizi bilgilendireceğiz. Favoriye eklediğiniz ilandaki fiyat belirlediğiniz fiyatın altına düştüğünde sizi bilgilendireceğiz. Favoriye eklediğiniz ilandaki fiyat bildirimleri sessize alındı. İlan, favorilerinize kaydedilemedi. Favori ilanlara toplamda 250 ilan kaydedilebilir, daha fazla ilan kaydedemezsiniz. Bana Özel > Favori İlanlar sayfasından favori ilanlarınızı düzenleyebilirsiniz. Vazgeç Favori İlanlara Git İlan, favorilerinize kaydedilemedi Favori İlanlara toplamda 250 ilan kaydedilebilir, daha fazla ilan kaydedemezsiniz. Bana Özel > Favori İlanlar sayfasından favori ilanlarınızı düzenleyebilirsiniz. Vazgeç Favori İlanlara Git",Mevcut fiyat (TL) Belirlediğim fiyat (TL) Belirlediğiniz fiyatı girin. Mevcut fiyattan daha düşük bir değer girmelisiniz.,Günlük Bildirim Ayarları Mobil Bildirim,1316688602,26 Mayıs 2026,Hayır,,Favoriye Eklendiğindeki Fiyat,0 (212) 876 34 10,0 (554) 638 96 99,"Bana Özel > Diğer > QR işlemleri > QR kod ile web'e giriş yap menüsüne gidin, ekrandaki QR kodu okutun.","{{}} Fiyatı Şu Anki
Fiyatı İlanlardaki fiyatlar ilanı giren kullanıcı tarafından belirlenmekte olup, sahibinden.com'un fiyatlara herhangi bir müdahalesi bulunmamaktadır. İlanın Yayınlandığı
Fiyat Favoriye Eklendiğindeki Fiyat Tüm Fiyat Değişimlerini Gör","İlanlardaki fiyatlar ilanı giren kullanıcı tarafından belirlenmekte olup, sahibinden.com'un fiyatlara herhangi bir müdahalesi bulunmamaktadır.",0 850 222 44 44,yardim.sahibinden.com,Cephe Batı Doğu Güney Kuzey İç Özellikler ADSL Ahşap Doğrama Akıllı Ev Alarm (Hırsız) Alarm (Yangın) Alaturka Tuvalet Alüminyum Doğrama Amerikan Kapı Ankastre Fırın Barbekü Beyaz Eşya Boyalı Bulaşık Makinesi Buzdolabı Çamaşır Kurutma Makinesi Çamaşır Makinesi Çamaşır Odası Çelik Kapı Duşakabin Duvar Kağıdı Ebeveyn Banyosu Fırın Fiber İnternet Giyinme Odası Gömme Dolap Görüntülü Diyafon Hilton Banyo Intercom Sistemi Isıcam Jakuzi Kapalı / Cam Balkon Kartonpiyer Kiler Klima Küvet Laminat Zemin Marley Mobilya Mutfak (Ankastre) Mutfak (Laminat) Mutfak Doğalgazı Panjur/Jaluzi Parke Zemin PVC Doğram,,,,,,,,,,,,,,,,,,,,,,,,,,,,,,,,Favori Satıcı Adı,,,,,,,
https://www.sahibinden.com/ilan/emlak-konut-satilik-aile-sitesinde-full-aktiviteli-balkonlu-satilik-ara-kat-2-plus1daire-1318520766/detay,satilik,2026-05-27T00:04:14.865807,3.050.000 TL,AİLE SİTESİNDE FULL AKTİVİTELİ BALKONLU SATILIK ARA KAT 2+1DAİRE,Yatay,Dikey,"Favori Aramalarım, Size Özel İlanlar, Karşılaştır, Favori Aramalarım'a Git, Vazgeç, Karşılaştır, Tüm ilanları, Favori Satıcılarıma ekle, Dolu, Boş, Yatay, Dikey",Satılık Daire,115,95,2+1,6-10 arası,4,18,Merkezi (Pay Ölçer),1,Açık (Amerikan),Yok,Var,Açık & Kapalı Otopark,Hayır,Boş,Belirtilmemiş,Belirtilmemiş,Evet,Belirtilmemiş,Kat İrtifaklı,Emlak Ofisinden,Hayır,"Favorilerime Ekle Favorilerimden Çıkar Favori listeme kaydet Yeni liste oluştur Kaydet İlan Favori Listenize Eklendi Bu ilana ait bundan sonraki fiyat değişimlerini görüntüleyebilirsiniz. Nasıl görüntülerim? Fiyat bildirimlerini güncelle Fiyat bildirimleri Bildirim Türü Fiyat her düştüğünde bildir Belirlediğim fiyatın altına düşünce bildir Mevcut fiyat (TL) Belirlediğim fiyat (TL) Belirlediğiniz fiyatı girin. Mevcut fiyattan daha düşük bir değer girmelisiniz. Fiyat bildirimlerini sessize al Bildirim Kanalı E-posta bildirimi Mobil bildirimi En az bir bildirim kanalı seçmelisiniz. Bildirim ayarlarını güncellemek için Favoriler > Favori İlanlar menüsüne giderek listenizdeki ilgili ilanın sağ tarafındaki üç noktaya tıklayın, ""Fiyat bildirimlerini güncelle""yi seçin. Vazgeç Kaydet İlan, favorilerinize eklendi. "" "" listenize eklenen bu ilana ait değişimleri takip edebilirsiniz. Fiyat her düştüğünde veya belirleyeceğiniz fiyatın altına düştüğünde bildirim almayı tercih edebilirsiniz. Belirlediğim fiyatın altına düşünce bildir Her zaman bildir Fiyat bildirimleri Favoriye eklediğiniz ilandaki fiyat her düştüğünde sizi bilgilendireceğiz. Favoriye eklediğiniz ilandaki fiyat belirlediğiniz fiyatın altına düştüğünde sizi bilgilendireceğiz. Favoriye eklediğiniz ilandaki fiyat bildirimleri sessize alındı. İlan, favorilerinize kaydedilemedi. Favori ilanlara toplamda 250 ilan kaydedilebilir, daha fazla ilan kaydedemezsiniz. Bana Özel > Favori İlanlar sayfasından favori ilanlarınızı düzenleyebilirsiniz. Vazgeç Favori İlanlara Git İlan, favorilerinize kaydedilemedi Favori İlanlara toplamda 250 ilan kaydedilebilir, daha fazla ilan kaydedemezsiniz. Bana Özel > Favori İlanlar sayfasından favori ilanlarınızı düzenleyebilirsiniz. Vazgeç Favori İlanlara Git",Mevcut fiyat (TL) Belirlediğim fiyat (TL) Belirlediğiniz fiyatı girin. Mevcut fiyattan daha düşük bir değer girmelisiniz.,Günlük Bildirim Ayarları Mobil Bildirim,1318520766,26 Mayıs 2026,Evet,,Favoriye Eklendiğindeki Fiyat,0 (212) 596 34 34,0 (554) 498 11 21,"Bana Özel > Diğer > QR işlemleri > QR kod ile web'e giriş yap menüsüne gidin, ekrandaki QR kodu okutun.","{{}} Fiyatı Şu Anki
Fiyatı İlanlardaki fiyatlar ilanı giren kullanıcı tarafından belirlenmekte olup, sahibinden.com'un fiyatlara herhangi bir müdahalesi bulunmamaktadır. İlanın Yayınlandığı
Fiyat Favoriye Eklendiğindeki Fiyat Tüm Fiyat Değişimlerini Gör","İlanlardaki fiyatlar ilanı giren kullanıcı tarafından belirlenmekte olup, sahibinden.com'un fiyatlara herhangi bir müdahalesi bulunmamaktadır.",0 850 222 44 44,yardim.sahibinden.com,Cephe Batı Doğu Güney Kuzey İç Özellikler ADSL Ahşap Doğrama Akıllı Ev Alarm (Hırsız) Alarm (Yangın) Alaturka Tuvalet Alüminyum Doğrama Amerikan Kapı Ankastre Fırın Barbekü Beyaz Eşya Boyalı Bulaşık Makinesi Buzdolabı Çamaşır Kurutma Makinesi Çamaşır Makinesi Çamaşır Odası Çelik Kapı Duşakabin Duvar Kağıdı Ebeveyn Banyosu Fırın Fiber İnternet Giyinme Odası Gömme Dolap Görüntülü Diyafon Hilton Banyo Intercom Sistemi Isıcam Jakuzi Kapalı / Cam Balkon Kartonpiyer Kiler Klima Küvet Laminat Zemin Marley Mobilya Mutfak (Ankastre) Mutfak (Laminat) Mutfak Doğalgazı Panjur/Jaluzi Parke Zemin PVC Doğram,,,,,,,,,,,,,,,,,,,,,,,,,,,,,,,,,Favori Satıcı Adı,,,,,,
https://www.sahibinden.com/ilan/emlak-konut-satilik-asya-dan-veliefendi-de-1-plus1-75-m2-yuksek-giris-satilik-daire-1303102000/detay,satilik,2026-05-27T00:04:35.770596,2.540.000 TL,ASYA'DAN VELİEFENDİ'DE 1+1 75 M2 YÜKSEK GİRİŞ SATILIK DAİRE,Yatay,Dikey,"Favori Aramalarım, Size Özel İlanlar, Karşılaştır, Favori Aramalarım'a Git, Vazgeç, Karşılaştır, Tüm ilanları, Favori Satıcılarıma ekle, Dolu, Boş, Yatay, Dikey",Satılık Daire,80,75,1+1,26-30 arası,Yüksek Giriş,3,Yok,1,Kapalı,Yok,Yok,Yok,Hayır,Boş,Belirtilmemiş,250,Hayır,Belirtilmemiş,Hisseli Tapu,Emlak Ofisinden,Evet,"Favorilerime Ekle Favorilerimden Çıkar Favori listeme kaydet Yeni liste oluştur Kaydet İlan Favori Listenize Eklendi Bu ilana ait bundan sonraki fiyat değişimlerini görüntüleyebilirsiniz. Nasıl görüntülerim? Fiyat bildirimlerini güncelle Fiyat bildirimleri Bildirim Türü Fiyat her düştüğünde bildir Belirlediğim fiyatın altına düşünce bildir Mevcut fiyat (TL) Belirlediğim fiyat (TL) Belirlediğiniz fiyatı girin. Mevcut fiyattan daha düşük bir değer girmelisiniz. Fiyat bildirimlerini sessize al Bildirim Kanalı E-posta bildirimi Mobil bildirimi En az bir bildirim kanalı seçmelisiniz. Bildirim ayarlarını güncellemek için Favoriler > Favori İlanlar menüsüne giderek listenizdeki ilgili ilanın sağ tarafındaki üç noktaya tıklayın, ""Fiyat bildirimlerini güncelle""yi seçin. Vazgeç Kaydet İlan, favorilerinize eklendi. "" "" listenize eklenen bu ilana ait değişimleri takip edebilirsiniz. Fiyat her düştüğünde veya belirleyeceğiniz fiyatın altına düştüğünde bildirim almayı tercih edebilirsiniz. Belirlediğim fiyatın altına düşünce bildir Her zaman bildir Fiyat bildirimleri Favoriye eklediğiniz ilandaki fiyat her düştüğünde sizi bilgilendireceğiz. Favoriye eklediğiniz ilandaki fiyat belirlediğiniz fiyatın altına düştüğünde sizi bilgilendireceğiz. Favoriye eklediğiniz ilandaki fiyat bildirimleri sessize alındı. İlan, favorilerinize kaydedilemedi. Favori ilanlara toplamda 250 ilan kaydedilebilir, daha fazla ilan kaydedemezsiniz. Bana Özel > Favori İlanlar sayfasından favori ilanlarınızı düzenleyebilirsiniz. Vazgeç Favori İlanlara Git İlan, favorilerinize kaydedilemedi Favori İlanlara toplamda 250 ilan kaydedilebilir, daha fazla ilan kaydedemezsiniz. Bana Özel > Favori İlanlar sayfasından favori ilanlarınızı düzenleyebilirsiniz. Vazgeç Favori İlanlara Git",Mevcut fiyat (TL) Belirlediğim fiyat (TL) Belirlediğiniz fiyatı girin. Mevcut fiyattan daha düşük bir değer girmelisiniz.,Günlük Bildirim Ayarları Mobil Bildirim,1303102000,26 Mayıs 2026,Hayır,,Favoriye Eklendiğindeki Fiyat,,0 (533) 604 35 64,"Bana Özel > Diğer > QR işlemleri > QR kod ile web'e giriş yap menüsüne gidin, ekrandaki QR kodu okutun.","{{}} Fiyatı Şu Anki
Fiyatı İlanlardaki fiyatlar ilanı giren kullanıcı tarafından belirlenmekte olup, sahibinden.com'un fiyatlara herhangi bir müdahalesi bulunmamaktadır. İlanın Yayınlandığı
Fiyat Favoriye Eklendiğindeki Fiyat Tüm Fiyat Değişimlerini Gör","İlanlardaki fiyatlar ilanı giren kullanıcı tarafından belirlenmekte olup, sahibinden.com'un fiyatlara herhangi bir müdahalesi bulunmamaktadır.",0 850 222 44 44,yardim.sahibinden.com,Cephe Batı Doğu Güney Kuzey İç Özellikler ADSL Ahşap Doğrama Akıllı Ev Alarm (Hırsız) Alarm (Yangın) Alaturka Tuvalet Alüminyum Doğrama Amerikan Kapı Ankastre Fırın Barbekü Beyaz Eşya Boyalı Bulaşık Makinesi Buzdolabı Çamaşır Kurutma Makinesi Çamaşır Makinesi Çamaşır Odası Çelik Kapı Duşakabin Duvar Kağıdı Ebeveyn Banyosu Fırın Fiber İnternet Giyinme Odası Gömme Dolap Görüntülü Diyafon Hilton Banyo Intercom Sistemi Isıcam Jakuzi Kapalı / Cam Balkon Kartonpiyer Kiler Klima Küvet Laminat Zemin Marley Mobilya Mutfak (Ankastre) Mutfak (Laminat) Mutfak Doğalgazı Panjur/Jaluzi Parke Zemin PVC Doğram,,,,,,,,,,,,,,,,,,,,,,,,,,,,,,,,,,Favori Satıcı Adı,,,,,
https://www.sahibinden.com/ilan/emlak-konut-satilik-bostanci-da-3-plus1-deniz-manzara-ebeveyn-bny-118m2-luks-daire-1316258230/detay,satilik,2026-05-27T00:04:53.909281,20.650.000 TL,BOSTANCI'da 3+1 DENİZ MANZARA EBEVEYN BNY 118m2 LÜKS DAİRE,Yatay,Dikey,"Favori Aramalarım, Size Özel İlanlar, Karşılaştır, Favori Aramalarım'a Git, Vazgeç, Karşılaştır, Tüm ilanları, Favori Satıcılarıma ekle, Dolu, Boş, Yatay, Dikey",Satılık Daire,118,95,3+1,0 (Yapım Aşamasında),10,11,Yerden Isıtma,2,Kapalı,Var,Var,Açık & Kapalı Otopark,Hayır,Boş,Belirtilmemiş,Belirtilmemiş,Hayır,A,Tapu Kaydı Yok,Emlak Ofisinden,Hayır,"Favorilerime Ekle Favorilerimden Çıkar Favori listeme kaydet Yeni liste oluştur Kaydet İlan Favori Listenize Eklendi Bu ilana ait bundan sonraki fiyat değişimlerini görüntüleyebilirsiniz. Nasıl görüntülerim? Fiyat bildirimlerini güncelle Fiyat bildirimleri Bildirim Türü Fiyat her düştüğünde bildir Belirlediğim fiyatın altına düşünce bildir Mevcut fiyat (TL) Belirlediğim fiyat (TL) Belirlediğiniz fiyatı girin. Mevcut fiyattan daha düşük bir değer girmelisiniz. Fiyat bildirimlerini sessize al Bildirim Kanalı E-posta bildirimi Mobil bildirimi En az bir bildirim kanalı seçmelisiniz. Bildirim ayarlarını güncellemek için Favoriler > Favori İlanlar menüsüne giderek listenizdeki ilgili ilanın sağ tarafındaki üç noktaya tıklayın, ""Fiyat bildirimlerini güncelle""yi seçin. Vazgeç Kaydet İlan, favorilerinize eklendi. "" "" listenize eklenen bu ilana ait değişimleri takip edebilirsiniz. Fiyat her düştüğünde veya belirleyeceğiniz fiyatın altına düştüğünde bildirim almayı tercih edebilirsiniz. Belirlediğim fiyatın altına düşünce bildir Her zaman bildir Fiyat bildirimleri Favoriye eklediğiniz ilandaki fiyat her düştüğünde sizi bilgilendireceğiz. Favoriye eklediğiniz ilandaki fiyat belirlediğiniz fiyatın altına düştüğünde sizi bilgilendireceğiz. Favoriye eklediğiniz ilandaki fiyat bildirimleri sessize alındı. İlan, favorilerinize kaydedilemedi. Favori ilanlara toplamda 250 ilan kaydedilebilir, daha fazla ilan kaydedemezsiniz. Bana Özel > Favori İlanlar sayfasından favori ilanlarınızı düzenleyebilirsiniz. Vazgeç Favori İlanlara Git İlan, favorilerinize kaydedilemedi Favori İlanlara toplamda 250 ilan kaydedilebilir, daha fazla ilan kaydedemezsiniz. Bana Özel > Favori İlanlar sayfasından favori ilanlarınızı düzenleyebilirsiniz. Vazgeç Favori İlanlara Git",Mevcut fiyat (TL) Belirlediğim fiyat (TL) Belirlediğiniz fiyatı girin. Mevcut fiyattan daha düşük bir değer girmelisiniz.,Günlük Bildirim Ayarları Mobil Bildirim,1316258230,26 Mayıs 2026,Hayır,,Favoriye Eklendiğindeki Fiyat,,,"Bana Özel > Diğer > QR işlemleri > QR kod ile web'e giriş yap menüsüne gidin, ekrandaki QR kodu okutun.","{{}} Fiyatı Şu Anki
Fiyatı İlanlardaki fiyatlar ilanı giren kullanıcı tarafından belirlenmekte olup, sahibinden.com'un fiyatlara herhangi bir müdahalesi bulunmamaktadır. İlanın Yayınlandığı
Fiyat Favoriye Eklendiğindeki Fiyat Tüm Fiyat Değişimlerini Gör","İlanlardaki fiyatlar ilanı giren kullanıcı tarafından belirlenmekte olup, sahibinden.com'un fiyatlara herhangi bir müdahalesi bulunmamaktadır.",0 850 222 44 44,yardim.sahibinden.com,Cephe Batı Doğu Güney Kuzey İç Özellikler ADSL Ahşap Doğrama Akıllı Ev Alarm (Hırsız) Alarm (Yangın) Alaturka Tuvalet Alüminyum Doğrama Amerikan Kapı Ankastre Fırın Barbekü Beyaz Eşya Boyalı Bulaşık Makinesi Buzdolabı Çamaşır Kurutma Makinesi Çamaşır Makinesi Çamaşır Odası Çelik Kapı Duşakabin Duvar Kağıdı Ebeveyn Banyosu Fırın Fiber İnternet Giyinme Odası Gömme Dolap Görüntülü Diyafon Hilton Banyo Intercom Sistemi Isıcam Jakuzi Kapalı / Cam Balkon Kartonpiyer Kiler Klima Küvet Laminat Zemin Marley Mobilya Mutfak (Ankastre) Mutfak (Laminat) Mutfak Doğalgazı Panjur/Jaluzi Parke Zemin PVC Doğram,,,,,,,,,,,,,,,,,,,,,,,,,,,,,,,,,,,Favori Satıcı Adı,,,,
https://www.sahibinden.com/ilan/emlak-konut-satilik-cadde-uzeri-yeni-metro-projesine-7-dk-ara-kat-2-plus1-firsat-daire-1283599903/detay,satilik,2026-05-27T00:05:12.878558,1.895.000 TL,CADDE ÜZERİ YENİ METRO PROJESİNE 7 DK ARA KAT 2+1 FIRSAT DAİRE !,Yatay,Dikey,"Favori Aramalarım, Size Özel İlanlar, Karşılaştır, Favori Aramalarım'a Git, Vazgeç, Karşılaştır, Tüm ilanları, Favori Satıcılarıma ekle, Dolu, Boş, Yatay, Dikey",Satılık Daire,110,100,2+1,4,2,5,Kombi (Doğalgaz),1,Kapalı,Var,Var,Yok,Hayır,Boş,Belirtilmemiş,Belirtilmemiş,Evet,Belirtilmemiş,Kat Mülkiyetli,Emlak Ofisinden,Evet,"Favorilerime Ekle Favorilerimden Çıkar Favori listeme kaydet Yeni liste oluştur Kaydet İlan Favori Listenize Eklendi Bu ilana ait bundan sonraki fiyat değişimlerini görüntüleyebilirsiniz. Nasıl görüntülerim? Fiyat bildirimlerini güncelle Fiyat bildirimleri Bildirim Türü Fiyat her düştüğünde bildir Belirlediğim fiyatın altına düşünce bildir Mevcut fiyat (TL) Belirlediğim fiyat (TL) Belirlediğiniz fiyatı girin. Mevcut fiyattan daha düşük bir değer girmelisiniz. Fiyat bildirimlerini sessize al Bildirim Kanalı E-posta bildirimi Mobil bildirimi En az bir bildirim kanalı seçmelisiniz. Bildirim ayarlarını güncellemek için Favoriler > Favori İlanlar menüsüne giderek listenizdeki ilgili ilanın sağ tarafındaki üç noktaya tıklayın, ""Fiyat bildirimlerini güncelle""yi seçin. Vazgeç Kaydet İlan, favorilerinize eklendi. "" "" listenize eklenen bu ilana ait değişimleri takip edebilirsiniz. Fiyat her düştüğünde veya belirleyeceğiniz fiyatın altına düştüğünde bildirim almayı tercih edebilirsiniz. Belirlediğim fiyatın altına düşünce bildir Her zaman bildir Fiyat bildirimleri Favoriye eklediğiniz ilandaki fiyat her düştüğünde sizi bilgilendireceğiz. Favoriye eklediğiniz ilandaki fiyat belirlediğiniz fiyatın altına düştüğünde sizi bilgilendireceğiz. Favoriye eklediğiniz ilandaki fiyat bildirimleri sessize alındı. İlan, favorilerinize kaydedilemedi. Favori ilanlara toplamda 250 ilan kaydedilebilir, daha fazla ilan kaydedemezsiniz. Bana Özel > Favori İlanlar sayfasından favori ilanlarınızı düzenleyebilirsiniz. Vazgeç Favori İlanlara Git İlan, favorilerinize kaydedilemedi Favori İlanlara toplamda 250 ilan kaydedilebilir, daha fazla ilan kaydedemezsiniz. Bana Özel > Favori İlanlar sayfasından favori ilanlarınızı düzenleyebilirsiniz. Vazgeç Favori İlanlara Git",Mevcut fiyat (TL) Belirlediğim fiyat (TL) Belirlediğiniz fiyatı girin. Mevcut fiyattan daha düşük bir değer girmelisiniz.,Günlük Bildirim Ayarları Mobil Bildirim,1283599903,26 Mayıs 2026,Hayır,,Favoriye Eklendiğindeki Fiyat,,0 (533) 431 80 34,"Bana Özel > Diğer > QR işlemleri > QR kod ile web'e giriş yap menüsüne gidin, ekrandaki QR kodu okutun.","{{}} Fiyatı Şu Anki
Fiyatı İlanlardaki fiyatlar ilanı giren kullanıcı tarafından belirlenmekte olup, sahibinden.com'un fiyatlara herhangi bir müdahalesi bulunmamaktadır. İlanın Yayınlandığı
Fiyat Favoriye Eklendiğindeki Fiyat Tüm Fiyat Değişimlerini Gör","İlanlardaki fiyatlar ilanı giren kullanıcı tarafından belirlenmekte olup, sahibinden.com'un fiyatlara herhangi bir müdahalesi bulunmamaktadır.",0 850 222 44 44,yardim.sahibinden.com,Cephe Batı Doğu Güney Kuzey İç Özellikler ADSL Ahşap Doğrama Akıllı Ev Alarm (Hırsız) Alarm (Yangın) Alaturka Tuvalet Alüminyum Doğrama Amerikan Kapı Ankastre Fırın Barbekü Beyaz Eşya Boyalı Bulaşık Makinesi Buzdolabı Çamaşır Kurutma Makinesi Çamaşır Makinesi Çamaşır Odası Çelik Kapı Duşakabin Duvar Kağıdı Ebeveyn Banyosu Fırın Fiber İnternet Giyinme Odası Gömme Dolap Görüntülü Diyafon Hilton Banyo Intercom Sistemi Isıcam Jakuzi Kapalı / Cam Balkon Kartonpiyer Kiler Klima Küvet Laminat Zemin Marley Mobilya Mutfak (Ankastre) Mutfak (Laminat) Mutfak Doğalgazı Panjur/Jaluzi Parke Zemin PVC Doğram,,,,,,,,,,,,,,,,,,,,,,,,,,,,,,,,,,,,Favori Satıcı Adı,,,
https://www.sahibinden.com/ilan/emlak-konut-satilik-kucukyali-villalar-bolgesinde-tek-yetkili-6-yillik-2-plus1luks-daire-1316237320/detay,satilik,2026-05-27T00:05:32.815937,14.700.000 TL,KÜÇÜKYALI VİLLALAR BÖLGESİNDE TEK YETKİLİ 6 YILLIK 2+1LÜKS DAİRE,Yatay,Dikey,"Favori Aramalarım, Size Özel İlanlar, Karşılaştır, Favori Aramalarım'a Git, Vazgeç, Karşılaştır, Tüm ilanları, Favori Satıcılarıma ekle, Dolu, Boş, Yatay, Dikey",Satılık Daire,100,85,2+1,6-10 arası,1,3,Kombi (Doğalgaz),2,Açık (Amerikan),Var,Var,Açık & Kapalı Otopark,Hayır,Mülk Sahibi,Belirtilmemiş,1.000,Evet,A,Kat Mülkiyetli,Emlak Ofisinden,Hayır,"Favorilerime Ekle Favorilerimden Çıkar Favori listeme kaydet Yeni liste oluştur Kaydet İlan Favori Listenize Eklendi Bu ilana ait bundan sonraki fiyat değişimlerini görüntüleyebilirsiniz. Nasıl görüntülerim? Fiyat bildirimlerini güncelle Fiyat bildirimleri Bildirim Türü Fiyat her düştüğünde bildir Belirlediğim fiyatın altına düşünce bildir Mevcut fiyat (TL) Belirlediğim fiyat (TL) Belirlediğiniz fiyatı girin. Mevcut fiyattan daha düşük bir değer girmelisiniz. Fiyat bildirimlerini sessize al Bildirim Kanalı E-posta bildirimi Mobil bildirimi En az bir bildirim kanalı seçmelisiniz. Bildirim ayarlarını güncellemek için Favoriler > Favori İlanlar menüsüne giderek listenizdeki ilgili ilanın sağ tarafındaki üç noktaya tıklayın, ""Fiyat bildirimlerini güncelle""yi seçin. Vazgeç Kaydet İlan, favorilerinize eklendi. "" "" listenize eklenen bu ilana ait değişimleri takip edebilirsiniz. Fiyat her düştüğünde veya belirleyeceğiniz fiyatın altına düştüğünde bildirim almayı tercih edebilirsiniz. Belirlediğim fiyatın altına düşünce bildir Her zaman bildir Fiyat bildirimleri Favoriye eklediğiniz ilandaki fiyat her düştüğünde sizi bilgilendireceğiz. Favoriye eklediğiniz ilandaki fiyat belirlediğiniz fiyatın altına düştüğünde sizi bilgilendireceğiz. Favoriye eklediğiniz ilandaki fiyat bildirimleri sessize alındı. İlan, favorilerinize kaydedilemedi. Favori ilanlara toplamda 250 ilan kaydedilebilir, daha fazla ilan kaydedemezsiniz. Bana Özel > Favori İlanlar sayfasından favori ilanlarınızı düzenleyebilirsiniz. Vazgeç Favori İlanlara Git İlan, favorilerinize kaydedilemedi Favori İlanlara toplamda 250 ilan kaydedilebilir, daha fazla ilan kaydedemezsiniz. Bana Özel > Favori İlanlar sayfasından favori ilanlarınızı düzenleyebilirsiniz. Vazgeç Favori İlanlara Git",Mevcut fiyat (TL) Belirlediğim fiyat (TL) Belirlediğiniz fiyatı girin. Mevcut fiyattan daha düşük bir değer girmelisiniz.,Günlük Bildirim Ayarları Mobil Bildirim,1316237320,26 Mayıs 2026,Hayır,,Favoriye Eklendiğindeki Fiyat,0 (216) 489 86 80,0 (532) 297 46 80,"Bana Özel > Diğer > QR işlemleri > QR kod ile web'e giriş yap menüsüne gidin, ekrandaki QR kodu okutun.","{{}} Fiyatı Şu Anki
Fiyatı İlanlardaki fiyatlar ilanı giren kullanıcı tarafından belirlenmekte olup, sahibinden.com'un fiyatlara herhangi bir müdahalesi bulunmamaktadır. İlanın Yayınlandığı
Fiyat Favoriye Eklendiğindeki Fiyat Tüm Fiyat Değişimlerini Gör","İlanlardaki fiyatlar ilanı giren kullanıcı tarafından belirlenmekte olup, sahibinden.com'un fiyatlara herhangi bir müdahalesi bulunmamaktadır.",0 850 222 44 44,yardim.sahibinden.com,Cephe Batı Doğu Güney Kuzey İç Özellikler ADSL Ahşap Doğrama Akıllı Ev Alarm (Hırsız) Alarm (Yangın) Alaturka Tuvalet Alüminyum Doğrama Amerikan Kapı Ankastre Fırın Barbekü Beyaz Eşya Boyalı Bulaşık Makinesi Buzdolabı Çamaşır Kurutma Makinesi Çamaşır Makinesi Çamaşır Odası Çelik Kapı Duşakabin Duvar Kağıdı Ebeveyn Banyosu Fırın Fiber İnternet Giyinme Odası Gömme Dolap Görüntülü Diyafon Hilton Banyo Intercom Sistemi Isıcam Jakuzi Kapalı / Cam Balkon Kartonpiyer Kiler Klima Küvet Laminat Zemin Marley Mobilya Mutfak (Ankastre) Mutfak (Laminat) Mutfak Doğalgazı Panjur/Jaluzi Parke Zemin PVC Doğram,,,,,,,,,,,,,,,,,,,,,,,,,,,,,,,,,,,,,Favori Satıcı Adı,,
https://www.sahibinden.com/ilan/emlak-konut-satilik-metrobuse-yakin-krediye-uygun-satilik-2-plus1-daire-1310395511/detay,satilik,2026-05-27T00:05:50.092386,2.770.000 TL,METROBÜSE YAKIN KREDİYE UYGUN SATILIK 2+1 DAİRE,Yatay,Dikey,"Favori Aramalarım, Size Özel İlanlar, Karşılaştır, Favori Aramalarım'a Git, Vazgeç, Karşılaştır, Tüm ilanları, Favori Satıcılarıma ekle, Dolu, Boş, Yatay, Dikey",Satılık Daire,100,90,2+1,6-10 arası,1,5,Kombi (Doğalgaz),2,Kapalı,Var,Var,Açık Otopark,Hayır,Boş,Belirtilmemiş,250,Evet,Belirtilmemiş,Kat Mülkiyetli,Emlak Ofisinden,Evet,"Favorilerime Ekle Favorilerimden Çıkar Favori listeme kaydet Yeni liste oluştur Kaydet İlan Favori Listenize Eklendi Bu ilana ait bundan sonraki fiyat değişimlerini görüntüleyebilirsiniz. Nasıl görüntülerim? Fiyat bildirimlerini güncelle Fiyat bildirimleri Bildirim Türü Fiyat her düştüğünde bildir Belirlediğim fiyatın altına düşünce bildir Mevcut fiyat (TL) Belirlediğim fiyat (TL) Belirlediğiniz fiyatı girin. Mevcut fiyattan daha düşük bir değer girmelisiniz. Fiyat bildirimlerini sessize al Bildirim Kanalı E-posta bildirimi Mobil bildirimi En az bir bildirim kanalı seçmelisiniz. Bildirim ayarlarını güncellemek için Favoriler > Favori İlanlar menüsüne giderek listenizdeki ilgili ilanın sağ tarafındaki üç noktaya tıklayın, ""Fiyat bildirimlerini güncelle""yi seçin. Vazgeç Kaydet İlan, favorilerinize eklendi. "" "" listenize eklenen bu ilana ait değişimleri takip edebilirsiniz. Fiyat her düştüğünde veya belirleyeceğiniz fiyatın altına düştüğünde bildirim almayı tercih edebilirsiniz. Belirlediğim fiyatın altına düşünce bildir Her zaman bildir Fiyat bildirimleri Favoriye eklediğiniz ilandaki fiyat her düştüğünde sizi bilgilendireceğiz. Favoriye eklediğiniz ilandaki fiyat belirlediğiniz fiyatın altına düştüğünde sizi bilgilendireceğiz. Favoriye eklediğiniz ilandaki fiyat bildirimleri sessize alındı. İlan, favorilerinize kaydedilemedi. Favori ilanlara toplamda 250 ilan kaydedilebilir, daha fazla ilan kaydedemezsiniz. Bana Özel > Favori İlanlar sayfasından favori ilanlarınızı düzenleyebilirsiniz. Vazgeç Favori İlanlara Git İlan, favorilerinize kaydedilemedi Favori İlanlara toplamda 250 ilan kaydedilebilir, daha fazla ilan kaydedemezsiniz. Bana Özel > Favori İlanlar sayfasından favori ilanlarınızı düzenleyebilirsiniz. Vazgeç Favori İlanlara Git",Mevcut fiyat (TL) Belirlediğim fiyat (TL) Belirlediğiniz fiyatı girin. Mevcut fiyattan daha düşük bir değer girmelisiniz.,Günlük Bildirim Ayarları Mobil Bildirim,1310395511,26 Mayıs 2026,Hayır,,Favoriye Eklendiğindeki Fiyat,,0 (549) 413 52 53,"Bana Özel > Diğer > QR işlemleri > QR kod ile web'e giriş yap menüsüne gidin, ekrandaki QR kodu okutun.","{{}} Fiyatı Şu Anki
Fiyatı İlanlardaki fiyatlar ilanı giren kullanıcı tarafından belirlenmekte olup, sahibinden.com'un fiyatlara herhangi bir müdahalesi bulunmamaktadır. İlanın Yayınlandığı
Fiyat Favoriye Eklendiğindeki Fiyat Tüm Fiyat Değişimlerini Gör","İlanlardaki fiyatlar ilanı giren kullanıcı tarafından belirlenmekte olup, sahibinden.com'un fiyatlara herhangi bir müdahalesi bulunmamaktadır.",0 850 222 44 44,yardim.sahibinden.com,Cephe Batı Doğu Güney Kuzey İç Özellikler ADSL Ahşap Doğrama Akıllı Ev Alarm (Hırsız) Alarm (Yangın) Alaturka Tuvalet Alüminyum Doğrama Amerikan Kapı Ankastre Fırın Barbekü Beyaz Eşya Boyalı Bulaşık Makinesi Buzdolabı Çamaşır Kurutma Makinesi Çamaşır Makinesi Çamaşır Odası Çelik Kapı Duşakabin Duvar Kağıdı Ebeveyn Banyosu Fırın Fiber İnternet Giyinme Odası Gömme Dolap Görüntülü Diyafon Hilton Banyo Intercom Sistemi Isıcam Jakuzi Kapalı / Cam Balkon Kartonpiyer Kiler Klima Küvet Laminat Zemin Marley Mobilya Mutfak (Ankastre) Mutfak (Laminat) Mutfak Doğalgazı Panjur/Jaluzi Parke Zemin PVC Doğram,,,,,,,,,,,,,,,,,,,,,,,,,,,,,,,,,,,,,,Favori Satıcı Adı,
https://www.sahibinden.com/ilan/emlak-konut-satilik-ekin-sitesi-nde-manzarali-masrafsiz-3-plus1-satilik-daire-1306855585/detay,satilik,2026-05-27T00:06:08.866286,6.100.000 TL,"Ekin Sitesi'nde Manzaralı, Masrafsız 3+1 Satılık Daire",Yatay,Dikey,"Favori Aramalarım, Size Özel İlanlar, Karşılaştır, Favori Aramalarım'a Git, Vazgeç, Karşılaştır, Tüm ilanları, Favori Satıcılarıma ekle, Dolu, Boş, Yatay, Dikey",Satılık Daire,125,110,3+1,16-20 arası,7,10,Kombi (Doğalgaz),1,Kapalı,Var,Var,Kapalı Otopark,Hayır,Mülk Sahibi,Ekin Sitesi,Belirtilmemiş,Evet,Belirtilmemiş,Kat Mülkiyetli,Emlak Ofisinden,Hayır,"Favorilerime Ekle Favorilerimden Çıkar Favori listeme kaydet Yeni liste oluştur Kaydet İlan Favori Listenize Eklendi Bu ilana ait bundan sonraki fiyat değişimlerini görüntüleyebilirsiniz. Nasıl görüntülerim? Fiyat bildirimlerini güncelle Fiyat bildirimleri Bildirim Türü Fiyat her düştüğünde bildir Belirlediğim fiyatın altına düşünce bildir Mevcut fiyat (TL) Belirlediğim fiyat (TL) Belirlediğiniz fiyatı girin. Mevcut fiyattan daha düşük bir değer girmelisiniz. Fiyat bildirimlerini sessize al Bildirim Kanalı E-posta bildirimi Mobil bildirimi En az bir bildirim kanalı seçmelisiniz. Bildirim ayarlarını güncellemek için Favoriler > Favori İlanlar menüsüne giderek listenizdeki ilgili ilanın sağ tarafındaki üç noktaya tıklayın, ""Fiyat bildirimlerini güncelle""yi seçin. Vazgeç Kaydet İlan, favorilerinize eklendi. "" "" listenize eklenen bu ilana ait değişimleri takip edebilirsiniz. Fiyat her düştüğünde veya belirleyeceğiniz fiyatın altına düştüğünde bildirim almayı tercih edebilirsiniz. Belirlediğim fiyatın altına düşünce bildir Her zaman bildir Fiyat bildirimleri Favoriye eklediğiniz ilandaki fiyat her düştüğünde sizi bilgilendireceğiz. Favoriye eklediğiniz ilandaki fiyat belirlediğiniz fiyatın altına düştüğünde sizi bilgilendireceğiz. Favoriye eklediğiniz ilandaki fiyat bildirimleri sessize alındı. İlan, favorilerinize kaydedilemedi. Favori ilanlara toplamda 250 ilan kaydedilebilir, daha fazla ilan kaydedemezsiniz. Bana Özel > Favori İlanlar sayfasından favori ilanlarınızı düzenleyebilirsiniz. Vazgeç Favori İlanlara Git İlan, favorilerinize kaydedilemedi Favori İlanlara toplamda 250 ilan kaydedilebilir, daha fazla ilan kaydedemezsiniz. Bana Özel > Favori İlanlar sayfasından favori ilanlarınızı düzenleyebilirsiniz. Vazgeç Favori İlanlara Git",Mevcut fiyat (TL) Belirlediğim fiyat (TL) Belirlediğiniz fiyatı girin. Mevcut fiyattan daha düşük bir değer girmelisiniz.,Günlük Bildirim Ayarları Mobil Bildirim,1306855585,26 Mayıs 2026,Evet,,Favoriye Eklendiğindeki Fiyat,,0 (533) 390 22 40,"Bana Özel > Diğer > QR işlemleri > QR kod ile web'e giriş yap menüsüne gidin, ekrandaki QR kodu okutun.","{{}} Fiyatı Şu Anki
Fiyatı İlanlardaki fiyatlar ilanı giren kullanıcı tarafından belirlenmekte olup, sahibinden.com'un fiyatlara herhangi bir müdahalesi bulunmamaktadır. İlanın Yayınlandığı
Fiyat Favoriye Eklendiğindeki Fiyat Tüm Fiyat Değişimlerini Gör","İlanlardaki fiyatlar ilanı giren kullanıcı tarafından belirlenmekte olup, sahibinden.com'un fiyatlara herhangi bir müdahalesi bulunmamaktadır.",0 850 222 44 44,yardim.sahibinden.com,Cephe Batı Doğu Güney Kuzey İç Özellikler ADSL Ahşap Doğrama Akıllı Ev Alarm (Hırsız) Alarm (Yangın) Alaturka Tuvalet Alüminyum Doğrama Amerikan Kapı Ankastre Fırın Barbekü Beyaz Eşya Boyalı Bulaşık Makinesi Buzdolabı Çamaşır Kurutma Makinesi Çamaşır Makinesi Çamaşır Odası Çelik Kapı Duşakabin Duvar Kağıdı Ebeveyn Banyosu Fırın Fiber İnternet Giyinme Odası Gömme Dolap Görüntülü Diyafon Hilton Banyo Intercom Sistemi Isıcam Jakuzi Kapalı / Cam Balkon Kartonpiyer Kiler Klima Küvet Laminat Zemin Marley Mobilya Mutfak (Ankastre) Mutfak (Laminat) Mutfak Doğalgazı Panjur/Jaluzi Parke Zemin PVC Doğram,,,,,,,,,,,,,,,,,,,,,,,,,,,,,,,,,,,,,,,Favori Satıcı Adı
https://www.sahibinden.com/ilan/emlak-konut-satilik-yakacik-ta-katta-tek-3-plus1-daire-doga-koleji-karsisi-otoparkli-1306030522/detay,satilik,2026-05-27T00:06:28.328306,6.600.000 TL,"Yakacık'ta Katta Tek 3+1 Daire: Doğa Koleji Karşısı, Otoparklı!",Yatay,Dikey,"Favori Aramalarım, Size Özel İlanlar, Karşılaştır, Favori Aramalarım'a Git, Vazgeç, Karşılaştır, Tüm ilanları, Favori Satıcılarıma ekle, Dolu, Boş, Yatay, Dikey",Satılık Daire,115,100,3+1,11-15 arası,4,5,Kombi (Doğalgaz),1,Kapalı,Yok,Var,Açık Otopark,Hayır,Boş,Belirtilmemiş,Belirtilmemiş,Evet,Belirtilmemiş,Kat Mülkiyetli,Emlak Ofisinden,Hayır,"Favorilerime Ekle Favorilerimden Çıkar Favori listeme kaydet Yeni liste oluştur Kaydet İlan Favori Listenize Eklendi Bu ilana ait bundan sonraki fiyat değişimlerini görüntüleyebilirsiniz. Nasıl görüntülerim? Fiyat bildirimlerini güncelle Fiyat bildirimleri Bildirim Türü Fiyat her düştüğünde bildir Belirlediğim fiyatın altına düşünce bildir Mevcut fiyat (TL) Belirlediğim fiyat (TL) Belirlediğiniz fiyatı girin. Mevcut fiyattan daha düşük bir değer girmelisiniz. Fiyat bildirimlerini sessize al Bildirim Kanalı E-posta bildirimi Mobil bildirimi En az bir bildirim kanalı seçmelisiniz. Bildirim ayarlarını güncellemek için Favoriler > Favori İlanlar menüsüne giderek listenizdeki ilgili ilanın sağ tarafındaki üç noktaya tıklayın, ""Fiyat bildirimlerini güncelle""yi seçin. Vazgeç Kaydet İlan, favorilerinize eklendi. "" "" listenize eklenen bu ilana ait değişimleri takip edebilirsiniz. Fiyat her düştüğünde veya belirleyeceğiniz fiyatın altına düştüğünde bildirim almayı tercih edebilirsiniz. Belirlediğim fiyatın altına düşünce bildir Her zaman bildir Fiyat bildirimleri Favoriye eklediğiniz ilandaki fiyat her düştüğünde sizi bilgilendireceğiz. Favoriye eklediğiniz ilandaki fiyat belirlediğiniz fiyatın altına düştüğünde sizi bilgilendireceğiz. Favoriye eklediğiniz ilandaki fiyat bildirimleri sessize alındı. İlan, favorilerinize kaydedilemedi. Favori ilanlara toplamda 250 ilan kaydedilebilir, daha fazla ilan kaydedemezsiniz. Bana Özel > Favori İlanlar sayfasından favori ilanlarınızı düzenleyebilirsiniz. Vazgeç Favori İlanlara Git İlan, favorilerinize kaydedilemedi Favori İlanlara toplamda 250 ilan kaydedilebilir, daha fazla ilan kaydedemezsiniz. Bana Özel > Favori İlanlar sayfasından favori ilanlarınızı düzenleyebilirsiniz. Vazgeç Favori İlanlara Git",Mevcut fiyat (TL) Belirlediğim fiyat (TL) Belirlediğiniz fiyatı girin. Mevcut fiyattan daha düşük bir değer girmelisiniz.,Günlük Bildirim Ayarları Mobil Bildirim,1306030522,26 Mayıs 2026,Hayır,,Favoriye Eklendiğindeki Fiyat,,0 (533) 390 22 40,"Bana Özel > Diğer > QR işlemleri > QR kod ile web'e giriş yap menüsüne gidin, ekrandaki QR kodu okutun.","{{}} Fiyatı Şu Anki
Fiyatı İlanlardaki fiyatlar ilanı giren kullanıcı tarafından belirlenmekte olup, sahibinden.com'un fiyatlara herhangi bir müdahalesi bulunmamaktadır. İlanın Yayınlandığı
Fiyat Favoriye Eklendiğindeki Fiyat Tüm Fiyat Değişimlerini Gör","İlanlardaki fiyatlar ilanı giren kullanıcı tarafından belirlenmekte olup, sahibinden.com'un fiyatlara herhangi bir müdahalesi bulunmamaktadır.",0 850 222 44 44,yardim.sahibinden.com,Cephe Batı Doğu Güney Kuzey İç Özellikler ADSL Ahşap Doğrama Akıllı Ev Alarm (Hırsız) Alarm (Yangın) Alaturka Tuvalet Alüminyum Doğrama Amerikan Kapı Ankastre Fırın Barbekü Beyaz Eşya Boyalı Bulaşık Makinesi Buzdolabı Çamaşır Kurutma Makinesi Çamaşır Makinesi Çamaşır Odası Çelik Kapı Duşakabin Duvar Kağıdı Ebeveyn Banyosu Fırın Fiber İnternet Giyinme Odası Gömme Dolap Görüntülü Diyafon Hilton Banyo Intercom Sistemi Isıcam Jakuzi Kapalı / Cam Balkon Kartonpiyer Kiler Klima Küvet Laminat Zemin Marley Mobilya Mutfak (Ankastre) Mutfak (Laminat) Mutfak Doğalgazı Panjur/Jaluzi Parke Zemin PVC Doğram,,,,,,,,,,,,,,,,,,,,,,,,,,,,,,,,,,,,,,,Favori Satıcı Adı
"https://www.sahibinden.com/ilan/emlak-konut-satilik-beylikduzu-nde-luks,kalite,huzur-burda-iskanli-sifir-3-plus1-1315325231/detay",satilik,2026-05-27T00:06:47.919329,6.100.000 TL,"BEYLİKDÜZÜ'NDE LÜKS,KALİTE,HUZUR BURDA!! İSKANLI SIFIR 3+1",Yatay,Dikey,"Favori Aramalarım, Size Özel İlanlar, Karşılaştır, Favori Aramalarım'a Git, Vazgeç, Karşılaştır, Tüm ilanları, Favori Satıcılarıma ekle, Dolu, Boş, Yatay, Dikey",Satılık Daire,140,135,3+1,0 (Oturuma Hazır),2,4,Kombi (Doğalgaz),2,Kapalı,Var,Var,Açık & Kapalı Otopark,Hayır,Boş,Belirtilmemiş,Belirtilmemiş,Evet,A,Kat Mülkiyetli,Emlak Ofisinden,Evet,"Favorilerime Ekle Favorilerimden Çıkar Favori listeme kaydet Yeni liste oluştur Kaydet İlan Favori Listenize Eklendi Bu ilana ait bundan sonraki fiyat değişimlerini görüntüleyebilirsiniz. Nasıl görüntülerim? Fiyat bildirimlerini güncelle Fiyat bildirimleri Bildirim Türü Fiyat her düştüğünde bildir Belirlediğim fiyatın altına düşünce bildir Mevcut fiyat (TL) Belirlediğim fiyat (TL) Belirlediğiniz fiyatı girin. Mevcut fiyattan daha düşük bir değer girmelisiniz. Fiyat bildirimlerini sessize al Bildirim Kanalı E-posta bildirimi Mobil bildirimi En az bir bildirim kanalı seçmelisiniz. Bildirim ayarlarını güncellemek için Favoriler > Favori İlanlar menüsüne giderek listenizdeki ilgili ilanın sağ tarafındaki üç noktaya tıklayın, ""Fiyat bildirimlerini güncelle""yi seçin. Vazgeç Kaydet İlan, favorilerinize eklendi. "" "" listenize eklenen bu ilana ait değişimleri takip edebilirsiniz. Fiyat her düştüğünde veya belirleyeceğiniz fiyatın altına düştüğünde bildirim almayı tercih edebilirsiniz. Belirlediğim fiyatın altına düşünce bildir Her zaman bildir Fiyat bildirimleri Favoriye eklediğiniz ilandaki fiyat her düştüğünde sizi bilgilendireceğiz. Favoriye eklediğiniz ilandaki fiyat belirlediğiniz fiyatın altına düştüğünde sizi bilgilendireceğiz. Favoriye eklediğiniz ilandaki fiyat bildirimleri sessize alındı. İlan, favorilerinize kaydedilemedi. Favori ilanlara toplamda 250 ilan kaydedilebilir, daha fazla ilan kaydedemezsiniz. Bana Özel > Favori İlanlar sayfasından favori ilanlarınızı düzenleyebilirsiniz. Vazgeç Favori İlanlara Git İlan, favorilerinize kaydedilemedi Favori İlanlara toplamda 250 ilan kaydedilebilir, daha fazla ilan kaydedemezsiniz. Bana Özel > Favori İlanlar sayfasından favori ilanlarınızı düzenleyebilirsiniz. Vazgeç Favori İlanlara Git",Mevcut fiyat (TL) Belirlediğim fiyat (TL) Belirlediğiniz fiyatı girin. Mevcut fiyattan daha düşük bir değer girmelisiniz.,Günlük Bildirim Ayarları Mobil Bildirim,1315325231,26 Mayıs 2026,Evet,,Favoriye Eklendiğindeki Fiyat,,0 (549) 809 08 08,"Bana Özel > Diğer > QR işlemleri > QR kod ile web'e giriş yap menüsüne gidin, ekrandaki QR kodu okutun.","{{}} Fiyatı Şu Anki
Fiyatı İlanlardaki fiyatlar ilanı giren kullanıcı tarafından belirlenmekte olup, sahibinden.com'un fiyatlara herhangi bir müdahalesi bulunmamaktadır. İlanın Yayınlandığı
Fiyat Favoriye Eklendiğindeki Fiyat Tüm Fiyat Değişimlerini Gör","İlanlardaki fiyatlar ilanı giren kullanıcı tarafından belirlenmekte olup, sahibinden.com'un fiyatlara herhangi bir müdahalesi bulunmamaktadır.",0 850 222 44 44,yardim.sahibinden.com,Cephe Batı Doğu Güney Kuzey İç Özellikler ADSL Ahşap Doğrama Akıllı Ev Alarm (Hırsız) Alarm (Yangın) Alaturka Tuvalet Alüminyum Doğrama Amerikan Kapı Ankastre Fırın Barbekü Beyaz Eşya Boyalı Bulaşık Makinesi Buzdolabı Çamaşır Kurutma Makinesi Çamaşır Makinesi Çamaşır Odası Çelik Kapı Duşakabin Duvar Kağıdı Ebeveyn Banyosu Fırın Fiber İnternet Giyinme Odası Gömme Dolap Görüntülü Diyafon Hilton Banyo Intercom Sistemi Isıcam Jakuzi Kapalı / Cam Balkon Kartonpiyer Kiler Klima Küvet Laminat Zemin Marley Mobilya Mutfak (Ankastre) Mutfak (Laminat) Mutfak Doğalgazı Panjur/Jaluzi Parke Zemin PVC Doğram,,,,,,,,,,,,,,,,,,,,,,,,,,,,,,Favori Satıcı Adı,,,,,,,,,
